gene_id,radiation_effect,genotype_interaction,Cs137_100cGy,Cs137_10cGy,GCR80,GCR40
AT1G02450,3.64038271561468,2.57545457695591,-0.0100576858402602,-0.209690593904037,,
AT1G02520,1.02044702994805,-1.58785586855347,0.446225650456868,0.58826446546776,0.00813559230760152,-0.0742904832553718
AT1G02650,1.2526926301547,-1.80660801122401,-0.011266471016511,0.223894644037084,0.409408605113321,0.249389148656277
AT1G04323,1.79239879272411,-3.36511250476851,0.54488255324077,0.604698084246011,,
AT1G05040,1.58485653565554,-3.49826084518165,,,-0.863157201790523,0.926379363011096
AT1G05490,2.38925524231086,-3.12571127496156,0.257371585295363,0.0468461812081513,0.202794772263061,0.106015408423145
AT1G05575,1.8531189535066,-0.274359499503808,1.14721545329793,1.25370290105082,-0.795210446942116,-0.290147774727419
AT1G06160,-0.132801422000055,0.0319817176024329,1.11990629191758,1.4573694211987,-0.460190642147655,-1.15860402501578
AT1G06577,2.8799270868756,-4.251687365556,0.322662885502782,-0.344043730433337,,
AT1G06583,2.45628257880284,-4.49425991606469,,,,
AT1G06587,2.80896598915387,-3.20209952047977,-0.0528481486645887,-0.949067396921544,0.389726188525674,-0.48572907879403
AT1G07160,1.20940286671659,-1.2255332887601,2.39156924915662,1.86699713569869,-0.734031226625807,-1.06805568890947
AT1G07373,1.2456839556151,-1.54311381319766,-0.911594603264344,-1.04650439852758,,
AT1G07500,7.27839977936731,-9.53577835835461,1.37606346540852,0.484703398741799,3.11179255701488,1.29937452800435
AT1G08250,-3.86503038159307,4.48681209615327,-0.105312928832729,-0.0497083277908083,-0.260665303076178,-0.230389679281691
AT1G08260,1.60409341018697,-2.73186868481527,-0.0240128348405876,-0.190722456349547,0.527630698980582,0.224606540292598
AT1G08270,1.78175731061733,-3.08168885215712,0.295962994250176,0.240316445939422,-0.0662845634955215,-0.0155442076090643
AT1G09176,1.63616762234847,-3.96588983788968,0.500231408965409,0.25348433761099,,
AT1G09180,2.24765924193989,-2.47880264712961,0.0814631659645062,0.173125515292768,-0.00172325600803221,0.196753192192931
AT1G09815,1.27951501396953,-1.80049235967814,0.125974008758478,-0.0854874750982719,0.130074107292805,-0.0504030425853152
AT1G10050,1.02661023995872,-1.58708466220024,0.0437308626091185,0.0701152826693855,0.0590749919047537,-0.196860853377395
AT1G12480,1.14515656875139,-2.37425167618155,0.146700197385044,0.274205153944894,0.0992834044441309,0.250251734579796
AT1G13330,2.18864072896614,-2.75683054350807,0.116516444801848,-0.219291937786969,0.577893941157152,0.275122145427892
AT1G13480,1.10973481189287,-0.486390131163519,2.53922170305021,2.84057678607131,,
AT1G13520,2.07739838562741,-0.889492482507101,2.74514308665156,2.07917653952759,0.456814058817483,-0.0244785281635457
AT1G13609,0.929538026582676,-2.11887406634559,-1.06298355643555,-1.38559120944904,,
AT1G15010,1.71499820920077,0.145699302436455,1.56301132115482,1.16879663212987,0.341628811271723,0.138254076081841
AT1G15190,1.36307887978301,-1.60363651051345,0.0909198307293682,0.11016418831642,,
AT1G15580,1.68329632164708,-2.54369717104768,0.195297890350623,0.0243575374984802,1.48034669267862,-0.531374475622082
AT1G16130,1.28271776544651,-0.07111170648661,1.12204007550201,0.881468878899413,0.308064439054366,0.395928984506427
AT1G17460,1.79914953997531,-1.4198726240505,0.0750396664005698,0.00815626530680724,0.457169706138828,0.142837871740469
AT1G17960,1.3392152259844,-2.24812713623392,-0.0514039155399072,0.13651237575238,0.506644553267639,0.349591426389343
AT1G19180,0.812185841159687,-0.543115431464631,1.05263538874981,1.05325190679595,-0.055246371200949,-0.32918759593124
AT1G19250,3.85000523857723,-0.359315254797848,0.409409623279695,-0.10687058895494,0.659465091787848,-0.239379989551909
AT1G20120,2.44439048378103,-3.14644914579664,-0.0594178343380597,0.0133293814959615,0.335881617124463,0.0336620924063238
AT1G20180,2.20532597676819,-2.59241811477398,1.73871113334363,1.4653300768888,0.672339421533733,0.676165962460854
AT1G20310,2.7050028006779,-2.80496970072937,0.96967944607635,0.695425779356601,,
AT1G20350,3.91360474520746,-2.8455528424624,0.283725912976928,0.434050644720124,-0.223412294595219,0.207881275056633
AT1G20750,8.13286481370814,-6.81218616404597,,,,
AT1G21120,1.54368348654856,-2.07700137512677,0.521000246722178,0.198972899505847,-0.890539046057044,-0.0682702131696898
AT1G21240,3.76478511447207,0.0689277169570982,0.604962593541308,0.225393544998465,,
AT1G21528,5.16669311587558,-4.86599440619524,0.937629452271443,1.77466303470168,,
AT1G23000,1.00888517913249,-1.53799617767405,0.00668853808679287,-0.105211188742741,-0.0388694353399183,-0.445387944189498
AT1G23520,2.61456367601538,-5.1809478144627,,,,
AT1G23710,1.5884692445391,-1.40576213501219,0.569244491568694,0.476264443683319,0.351529747843042,0.224236627467097
AT1G25400,1.0026526759456,-0.633884863491501,1.28014058924595,1.04950694275497,0.449540616351681,0.355893968131516
AT1G26420,1.78556517569033,-0.465202854759263,1.39444141813015,0.913264088496285,-0.205465649676073,-0.518176173333854
AT1G27720,1.54271058574787,-1.62298840435856,0.00160082174869872,0.0401027555903086,0.113245009145995,0.114227239975181
AT1G27730,2.81499130955306,-0.788878664673941,1.10990131690713,0.796623956570377,0.224894352142885,-0.0343535213446535
AT1G27890,3.35313333446922,-3.67737465441696,0.267741935543355,0.790943067508912,0.217064371550307,0.334881061983119
AT1G27940,1.63166231328532,-1.7966730284946,-0.0497015605005368,-0.254819418405775,1.37097055145031,1.60798762997161
AT1G28480,1.1924254406465,-0.655053923229591,1.04663765609307,1.13680107075486,,
AT1G30135,0.452743106925554,-0.106012212657725,1.81120926032182,1.26954929842735,,
AT1G30160,2.9176711380881,-2.96515197902925,0.0399000103720798,-0.0606063480801671,-0.03575920182633,0.0932959260974617
AT1G30170,5.28993956067126,-4.30823637286514,,,,
AT1G30475,1.43572877927763,-2.62141227740311,0.266582408105395,0.124345521212074,0.0874453379058633,-0.808106404107995
AT1G30660,1.97872242396806,-1.9504614770274,0.00414617907819737,-0.0990905424156407,0.0120169650727469,-0.422198837860777
AT1G31280,1.66356345202576,-2.58493779287609,0.119668327699788,0.0620826698145823,0.319387127797578,0.108336552364363
AT1G32350,2.03929641867012,-0.985026124759907,2.53222264819211,1.73019750890281,-1.33789626545935,-0.535815099913257
AT1G32570,3.06443355409045,-3.95441132145073,0.485731764712063,0.205969532230895,,
AT1G33760,2.46407554570197,0.912823714285048,0.394967433841418,-0.0178288642620578,1.66304580902011,1.29003780119005
AT1G33960,2.81586775842525,-3.26179749758819,0.314719930583029,0.22227453588314,-2.74174246753896,-0.750399166284683
AT1G44830,1.52514077766137,-2.38642695471048,0.26568591078084,0.12212981121443,0.0706931289455858,0.488412336251353
AT1G49000,0.732944703253892,-0.17496742434383,1.05313080375053,1.06382144614746,-0.149843799532411,-0.0807856424341266
AT1G49050,1.17100659598903,-1.61237131614863,0.116554169230604,0.211123179014916,0.174725172529196,0.0525198399512805
AT1G49250,2.44551457519541,-4.5059103731839,,,,
AT1G49900,1.74279135445446,-1.39879504858559,1.46015664374309,0.834465180642115,0.17630387487711,-0.0112039373680486
AT1G51130,1.64806389918283,-2.40887864067732,0.270447924579084,-0.184941861528539,0.194359079556749,0.000918704128265635
AT1G51800,0.311427755254723,-0.283475347170614,1.41739695564202,1.66974198256958,0.121348671489553,-0.20421674314309
AT1G51820,0.549349170580854,-1.07486941184122,1.65034214783353,2.05453789238428,0.334286017103011,0.802962281813372
AT1G52315,2.92446198621112,-2.995118244352,0.151204452090082,-0.184469078751969,0.365996287255523,-0.144986174828899
AT1G53625,1.32889472664686,-1.04126497020734,1.6588914384303,1.25937633516346,,
AT1G54280,2.02616274876791,-2.50689975409674,-0.16302795804411,0.222844235857088,0.0881165396253108,-0.317314398511786
AT1G56060,2.87495188765209,-0.591944017900017,1.71919800417068,1.11564487832284,-0.483312503620634,0.54212498920029
AT1G56240,3.3221064924386,-0.449097602687721,0.824955119685512,1.47500805730589,0.388383584989442,-1.20551757405849
AT1G56510,1.49258227511194,-1.41298531372282,0.187867579540171,0.128834109194854,0.273659390165557,0.246345041902786
AT1G59660,1.66478059846569,-2.63084454950647,0.00505552639299642,-0.0647731547678043,-0.030175582804993,-0.138291994691555
AT1G60500,5.2380479515532,-5.98100238560777,-0.115730387177549,-1.21758028303629,,
AT1G62420,1.50484678298392,-1.67135595267956,1.5495731001119,1.92223876076356,0.14492584076349,0.279934144366785
AT1G63720,1.16161278742655,-1.26653044876208,0.898805346140417,0.578834808419291,-0.117290964052233,0.0190518453226173
AT1G66040,3.32214858412865,-4.6222987020364,1.47953234483867,0.846672769345893,0.872362375374273,0.661062421603934
AT1G66780,2.28272839445223,-2.89092817458772,1.58305450964874,0.577785235426401,-0.418740653153858,0.88545822632164
AT1G68200,2.95625584486859,-3.35915576338676,0.198472403373355,0.389066461870826,-0.146912806365925,-0.72788011505946
AT1G68240,3.12370935660701,-4.10611840615887,-0.100254928725471,0.0195854778854908,,
AT1G68765,0.341888387995172,0.172059422122966,2.30220926723763,1.64487624924946,,
AT1G69890,1.01394057966493,-0.313983145990271,1.28059599315687,0.847823353901532,0.21187890015484,0.0560713193580314
AT1G70440,2.40995341604373,-2.95700262661284,1.27741920257244,0.93576540763223,0.495083921107945,0.844394174922413
AT1G71520,1.02023069449522,-1.60688936626856,3.11317004914034,2.29708611427421,0.424701469591033,-0.593856148432585
AT1G74400,1.02761907766157,-1.28110946424893,-0.0462551110295768,-0.0168349572643326,0.373585143968895,-0.0158580712589703
AT1G74440,1.53981275774898,-1.11614026620959,0.123298608843706,0.252226702997646,0.124491572981785,0.055078505160541
AT1G75700,1.74357781802561,-2.53527254582124,0.303744703146106,0.0481055316156437,-0.387233878382903,-0.684636997328336
AT1G76180,1.16355449630922,-1.68429871259647,0.341195472885698,0.122605294967419,0.15982624804281,0.164865960998013
AT1G76600,1.44713383258858,-0.362175834597359,1.08513034556101,1.10687011411983,0.15671900775588,0.00194520381841802
AT1G76650,2.06576652959602,0.0914792700855717,1.40490276498981,0.968971988832379,0.503857769751523,0.384146163191712
AT1G79680,2.7077857551982,-1.71955715959767,1.78560943911029,1.17967917540265,-1.62019708380115,-0.0096728220928502
AT1G80840,3.21222777259634,-0.43641105498805,1.22253185283653,1.28454607788096,0.168481638654026,0.0485886230077245
AT2G02240,2.41071297656965,-2.55461862562184,0.24572764519133,0.219219009801572,0.382946541617674,-0.705652040761401
AT2G02300,1.47602928700238,-3.35209910047532,,,0.240094850227525,0.389529343814019
AT2G04495,4.31224170527046,-1.32486875754869,0.065397075009413,-0.023169317483495,,
AT2G14247,0.957383558781622,-1.61372941499807,-1.09160471605216,-1.02251613001735,0.0295586600980831,-0.224843637668003
AT2G14610,3.79009053042182,-4.87009772168267,-0.154496025667953,-0.661976253794106,,
AT2G15490,1.11790004661165,-1.60482380664904,1.54892331860276,1.39048853360463,-1.20421080459647,-0.874426585224729
AT2G18000,1.89432833738527,-2.41886217227309,0.166785853502216,0.0827391253224355,-0.467894484327987,-0.0305727697220573
AT2G18190,3.1815590113178,-4.90152452015187,-0.178879921301806,-1.07503333511184,-0.783012570450725,-0.71325214944142
AT2G18193,4.48739795902378,-5.55656130028994,1.18419917805962,0.904345485903351,1.7326901693545,0.640633140603256
AT2G18600,2.15171342527794,-3.17214528192782,0.090458047362502,0.025902317187913,0.182942853954986,0.210418360648853
AT2G18660,4.14059462980157,-0.347087491012389,0.0891531444495419,-0.131847707973679,-1.16258016570462,-0.225026914653916
AT2G18680,1.26405063141869,-0.370960790757455,1.31480547888015,0.487145242627134,0.0894258413676789,0.293882368245514
AT2G18690,1.72252610936581,-0.828419089494458,1.09352060066515,0.880343984153206,0.286396523115966,0.180063691323852
AT2G19190,0.741630306449172,0.157599822040631,1.75544248765359,1.24597105925407,-0.342685869892671,-0.356785716102565
AT2G19800,-0.0764289970807709,-0.447910821725462,1.97350867152005,1.18544960800269,0.193334282085797,0.276957682380059
AT2G21640,1.82720391832701,-1.87120076609618,0.097188499312438,0.0630107384481472,-0.665433298064238,-0.854748237096427
AT2G21790,1.07378395220206,-1.68185078848547,-0.157442582681151,-0.233155693012791,-0.0411808605792546,-0.0637778843011608
AT2G21910,4.29414658364193,-3.45069518891793,0.460373562794541,0.354729259984707,0.33448856317363,0.308425580250303
AT2G22880,6.42761758880559,1.1239618224957,,,0.120536001377522,-0.702076268876508
AT2G23150,1.11427695701855,-1.7818532588725,0.0922299758892499,0.110432930423502,-0.117518072261794,-0.0940901084556677
AT2G23270,3.62064751190522,-1.41757424885451,-0.394852753733642,-0.0402659851457269,,
AT2G23830,3.05360911574729,-5.0099992486278,0.838859809423861,0.344582193701891,,
AT2G24255,5.26993873971136,-4.4188627109926,,,,
AT2G25370,3.84937376979835,-2.56579473730238,,,,
AT2G25460,1.60122979092888,-0.81286425738722,1.22343535329885,1.00523293440869,0.280932111724166,0.0857054085200678
AT2G25735,1.30134056053098,-0.394071200171364,1.2711857608012,1.36941988921365,0.367866741861395,0.22386144343127
AT2G26400,1.65853731668538,3.56343331135785,-0.0862322476261784,-0.198172739116557,,
AT2G26560,1.13981107307085,-1.32359969358689,1.19273337935081,0.621964899762556,0.221126011550768,0.0712919637941408
AT2G29110,1.5480432965435,1.3300404510238,1.33229058070699,0.411176694678647,-0.70610524724884,-0.277395979990838
AT2G30250,1.89260584726613,-2.82369170704818,0.825278910530854,0.646666113629769,0.290912437841704,0.160446820190161
AT2G30360,2.20061497359324,-4.31422185317188,1.165154056728,0.803908538145572,0.943412993511004,0.656791851480324
AT2G31320,1.48506022826057,-2.53500706643702,0.13819121244096,-0.0975519157764181,0.597429179198753,0.478497328750461
AT2G31945,1.17608378666611,-0.609388935050088,1.32566295773289,0.947843542942933,0.158508821586453,0.0302119580395843
AT2G32020,1.08814854028208,-1.1629639614036,0.169445485049685,-0.0193975467057126,-0.892483228632685,-0.628190957954303
AT2G32130,1.33051966550922,0.415149158009476,1.52954969745543,1.05556665453078,,
AT2G32190,1.16984898396784,-0.601851591296831,1.37159572048217,1.11674484762612,0.552752245700796,1.13627922940436
AT2G32200,3.51860761877348,1.08523608369014,1.03537827140195,0.848302228243615,0.663985496824917,-0.145493347140852
AT2G32210,1.6912472948069,-0.411109272771925,1.26691134665966,1.03504775110873,-0.5462766664156,-0.135190150026468
AT2G35070,1.56683818638823,-2.9183416719971,0.771559527045395,0.354359425432203,0.145604821208399,-1.05172081369586
AT2G35980,1.15992655316192,-0.949211965268753,2.2237851014646,1.46671731538042,-0.0617771740522358,-0.434056964886007
AT2G36770,0.844015197554429,-0.340600715920889,1.46516372768066,1.20257285643193,-0.410721633324142,-0.258692402647726
AT2G36780,2.2552524878464,-4.14644697093113,1.62437642960729,1.01463200729633,-1.0989731215069,-0.35451804214931
AT2G37430,1.75521229727004,-0.859327126995085,1.64779284149409,1.52873189516816,,
AT2G38250,2.13764467348003,-1.67846954925611,0.899910868193166,0.635085985533586,0.119727811417986,0.222812203512077
AT2G38340,3.44433705544791,-2.92617588559255,1.48947520986841,0.971488831566798,0.726213758667014,0.301646159471039
AT2G38790,4.81073796785997,-0.844960277334588,,,0.168215029809785,0.135222948215044
AT2G39200,0.294006521622481,-0.152291911743649,1.44024418730008,1.25364324806278,-0.237141700594201,-0.209151321628258
AT2G39650,1.95038601858817,-1.59068941514573,0.0946725699665531,0.0192440266689721,0.270269465628695,-0.166001733487873
AT2G40170,-0.757139951326379,-2.43306712749787,2.92192049309031,1.80695442853537,1.69267444793211,1.40617269895518
AT2G40340,1.45555332604872,-1.31517370265281,1.88804976392201,1.6249099203876,0.391926028725918,-0.102097149174616
AT2G41240,1.02602653439522,-2.11069863873938,-1.13060913993428,-1.08541769894163,,
AT2G41630,1.03405046511497,-1.55532549962182,0.0681225987292966,-0.0253512288736695,0.116931024566913,0.0400009180785121
AT2G42560,0.705187694114893,-4.21989472914349,3.56009490021648,2.22236166319897,,
AT2G43620,1.06520950578638,0.274239739367243,1.12014836713088,1.81800713014328,0.196496593072913,-0.0151363796146184
AT2G44370,0.500058739167113,-0.174954882907786,1.07007351305771,1.1251212469524,0.0487680412631353,-0.330528442710256
AT2G45460,2.48666744401297,-3.37196544453749,0.626878069916495,0.109250400988634,0.642533768494584,0.383160756679335
AT2G46400,3.63542243165592,-0.269559229738664,0.0899901230635353,-0.0337168793133277,-0.223987675912566,-0.45586512987543
AT2G46610,1.50787260554295,-2.424101214838,0.132863743011337,0.163042743961832,0.220417121899594,0.083661422346331
AT2G47680,2.19982884525428,-2.61657615331261,0.0876213126363914,0.10973864792377,-0.0378302477302971,-0.0952850232957253
AT2G47780,2.33695367216347,-2.52583698708984,0.0516394512361137,0.0840113869500716,-0.00711717479244568,-0.109067776811909
AT3G01600,3.41394210317279,-2.88752225928623,-0.439813570734987,-0.332037410785905,-0.282149981776235,-0.196157814501914
AT3G01830,2.57642007387867,-1.06985333927647,1.69007396424811,1.22680148712429,-0.0681265351804813,-4.06142814127717
AT3G02400,1.44987057510823,-2.13554537038679,0.273479446481127,0.131207170911784,0.48721146836817,0.587765371144309
AT3G02480,1.19513253732928,-0.545696374226098,1.80532794424122,1.26169991431835,2.25628629639249,1.52770321788924
AT3G02670,1.63512532143857,-3.59114701334435,0.413063530077754,0.386991966357706,,
AT3G02810,4.3859463146131,-2.40881158940066,,,-0.270508471689161,0.423972713807784
AT3G02840,3.74980790846355,-0.99975038959631,2.38485636687345,1.8065444272715,-0.0635369497163512,-0.18040570494869
AT3G04060,0.496169050048547,-1.38323905490918,1.17909368143196,0.714845567306516,0.390665643217804,0.178655574255128
AT3G07255,-0.323098988912634,0.0316108087580537,4.85008974590963,4.0145730119625,,
AT3G07800,2.89368313847987,-4.60761137895347,0.307194330823571,0.0123117381710884,1.42453531201488,0.806716382642356
AT3G09020,1.40317253005248,-1.75436163911079,0.549691543115665,0.534326047439532,-0.127670928204884,-0.111472321897948
AT3G09405,1.42330998849121,-1.56208373907991,0.047229042967825,-0.0364257161468068,0.4564861805983,0.409999374865353
AT3G09940,-0.0385683538140026,-0.0530273471748703,1.44964898360339,1.38634515421392,0.103302069902502,-0.527443008639979
AT3G10500,1.24763852168686,-1.78603432493593,0.185969936253516,0.0991112500181882,0.202242796144493,-0.0486497883261574
AT3G10815,0.371344819105181,-0.360032471398212,1.52287508227589,1.37831926624643,0.340239806965465,0.127706113046022
AT3G10930,3.29469517829965,-2.53391604717027,1.02171603605207,0.722546465004572,-0.226559326561598,-0.428239316646835
AT3G11340,0.129071861596311,-0.281124527491901,1.68298717786952,1.75580385158555,-0.288921970700128,-0.527940475689631
AT3G12410,4.35405667807678,-3.19960073481738,0.0225006368299239,-0.683654470550446,,
AT3G12510,1.3992610125576,-2.01931585235188,0.268104505273648,-0.0894918827548822,0.207862525563869,0.58216251830802
AT3G12910,2.14946726475662,-2.70005138649958,2.10663562044695,0.773497386969089,,
AT3G13080,1.64360524482967,-1.57087002081536,0.135550619233741,0.0999164514513863,-0.0512541234767517,-0.170395740591887
AT3G19150,1.46026236998546,-2.52003539968334,0.400785089722926,0.238983654552519,-0.200787703860968,-0.118868451206791
AT3G19210,1.11586781127632,-1.10509171752653,-0.225781102401038,-0.205020181520788,0.0100309897289899,-0.200551814648215
AT3G20490,1.19696748230784,-1.80817610370789,-0.0639273878171336,-0.057250620908779,0.124285226917465,0.060818129091518
AT3G21850,6.22079862319981,-3.27816827142704,,,,
AT3G21860,4.05452401983743,-3.71337858029995,,,0.0917012246797138,0.457284700110628
AT3G22910,2.95640567445487,-0.954003106506627,1.61295757246748,1.17744831858498,-0.261413410857119,-0.218271809491442
AT3G23250,2.36081608994429,0.367158185976648,1.35743111974208,1.45029773304569,-0.369225937859812,0.624030549103247
AT3G25250,2.0766075672638,-3.2038065475359,2.11323561889295,1.30511788105961,-0.463393754645724,-0.464592643164929
AT3G26200,1.04253110245567,0.604924587207433,1.83629537133359,1.23500474833879,-0.0788938539516912,-0.0232679630655512
AT3G27060,2.67368830337074,-3.95999838154942,0.142216050938344,-0.224928578775877,1.32248865661803,0.715309821998015
AT3G27070,1.52013757330537,-2.24801914808408,-0.180216639801628,0.202584038292362,0.30268131456185,-0.164778829862223
AT3G27630,6.01909821318164,-6.65479918940285,1.29600279862888,-0.294425080495228,2.18538477965024,0.75504312483136
AT3G28210,2.26739682480532,-2.18148049229543,1.65016522815679,0.905516302963398,0.516752974608083,0.653547676648894
AT3G28510,4.15159012028364,-2.31578183920037,0.68239778930557,0.166497075699561,-1.47651517423164,-1.5240684384119
AT3G29000,2.73859536354747,-0.522438061702891,1.00870876582912,0.671170609503864,0.670186516791527,-0.11509590340028
AT3G29340,4.31874469107143,-5.09299680589836,,,,
AT3G42850,1.16534057150298,-2.41223202981391,0.100088810920982,0.0629406468467777,0.197161600714691,0.0560846675844663
AT3G42860,1.57886023078237,-2.49177481092959,0.313551847323297,0.105253485595474,0.25902846442358,-0.0255295342387975
AT3G45060,-0.0709154218308375,-0.311909244351577,2.07607824888567,1.22028689886849,-0.743634274200022,0.153165456251996
AT3G45730,2.85893317416311,-3.77493536707075,0.960167884928483,0.522008279143382,0.775261428045519,0.631478863808104
AT3G46080,2.37328853548565,-1.43078283081837,2.1234291219388,1.6308847646259,0.597584719569473,0.604655162475924
AT3G47540,1.05233227783091,-1.26894701305732,-0.069209203881245,0.0291479829647985,-0.227621585846893,-0.49801148739895
AT3G48520,0.0683085624711293,-1.72459092990962,1.81059802910368,1.25644687343794,-0.0686546051248415,0.332231621506981
AT3G48770,4.20600550829933,-2.31976467643776,-0.179454497772005,-0.210322511835416,-0.637477429099687,-1.46427626341999
AT3G48960,2.88411911858219,-4.79711186249566,,,,
AT3G49130,1.8027242400084,-0.908170282863461,2.13093569922902,1.32383820545196,2.53372382516448,1.79597155302297
AT3G52115,2.19828215842513,-3.58593234782239,0.156301058504279,-0.22466950616684,0.770221556628718,0.696728901270592
AT3G53600,-0.12334060178052,-1.86928162159483,2.64792539730547,2.20137961094522,,
AT3G56920,2.85590487660187,-6.03689681783195,-0.371823425223939,-0.623194794432132,,
AT3G56970,0.910445373065778,-1.7255571355197,-1.27900935630454,-1.50908464527301,-0.794925824438108,0.616834501556802
AT3G56980,0.859717629689728,-0.89364515377901,-1.23695210876372,-1.29139699572885,-0.23520588460454,-0.809863773079379
AT3G58270,3.7217698335324,-3.40609452030363,0.605913338969499,0.206951196275542,0.750818915510885,0.520805570660311
AT3G60160,1.04712939143044,-1.62556961847233,0.0130553069796718,-0.0140359589919614,-0.443308270282813,-0.431710663126211
AT3G61190,1.28212482265809,-0.578018487659039,1.17061804836321,0.630731209633187,0.395892262926968,0.364733945725642
AT3G63380,1.21579979563667,-1.4112757962589,0.847329103972229,0.859189410661035,0.0438565642079023,0.141831029602348
AT4G01180,3.97814680308075,-0.437212645640131,,,,
AT4G01360,1.17354502580475,-0.745616859755212,1.3506911982174,1.08628481166163,-0.287343167741232,-0.417280000687601
AT4G02110,1.6453603091109,-2.84361819160781,-0.0190334713532916,-0.254462533415285,0.25250072257462,-0.169529027119611
AT4G02390,3.28647000506885,-4.44742300693396,0.921615846629924,-0.0385285956182505,2.5052116672992,1.74420290555468
AT4G05380,4.3516298420669,-3.56384798730969,-0.142681076221374,0.501014945325277,,
AT4G11170,2.72939292367495,0.628027544666898,1.36676644130531,1.4721039903442,-0.836321258622742,-0.0646870805178449
AT4G12735,1.1657065570619,-0.801175797662019,1.99622199381644,1.3202730708722,-1.10370550354189,-0.715726515962245
AT4G13395,2.81408434708448,-0.792201160583188,2.0029425375363,1.45901128782963,-0.155325309616321,-0.0781419640001541
AT4G13480,2.32001097978741,-3.63506673970896,0.639615486181961,0.935826024459015,,
AT4G14370,1.38465241915153,-0.433346233006675,1.91413765812917,1.19765775011257,0.277589480821419,0.216250458834112
AT4G17710,3.57497972159301,-3.10840662212264,0.246900822828612,-0.511371838100087,,
AT4G19130,2.0073232575986,-3.17333229019533,0.273584117200806,-0.253164672352599,1.12601590953564,0.755426764236108
AT4G21070,3.0896342659756,-4.4672762237427,0.140029524999147,-0.175125407017576,0.928398992404961,0.23391166156129
AT4G22960,5.1355408751806,-4.82211136270077,1.29860711200705,0.556068172198623,1.93889423629821,1.07674902049379
AT4G23140,4.26805116752656,-1.87437968405483,0.212903621489687,0.184481051378493,0.468168126005576,0.990196665035799
AT4G24110,1.29417681461487,0.535690223704697,1.03203135847308,0.962403652402847,-0.181606268116761,0.417243746598864
AT4G25330,6.66485118711428,-5.7235140540091,0.690310819390259,-0.303743347116661,,
AT4G25580,1.27666863598667,-3.2383487880324,2.11719043209285,1.90458477316321,0.478950447604021,0.210636562400467
AT4G27654,1.60398158069873,1.12542361551582,1.69008807774456,2.09732898224356,0.513009030081732,-0.233415265308918
AT4G27980,1.90346015795382,-1.94148881527433,-0.273741699271211,-1.00711198704924,0.582213095958859,-1.25877582225303
AT4G28085,0.64841774528749,-0.00812984095523516,1.0929256205328,1.03429583751167,-0.00653963377433311,-0.0877343989784469
AT4G28460,2.55990932864167,-0.27509187525787,4.02005371150181,2.89858806129361,-1.14976647630912,0.649138227004392
AT4G28950,1.54791698210321,-2.28273749926784,-0.178965729427492,-0.201898661925833,-0.616181213257034,-0.544366645968673
AT4G29170,1.63850168333187,-2.72683436355513,-0.0139145500228107,-0.183736257937465,0.655384975530073,0.439851244626395
AT4G30280,0.513796465158734,0.0625805727140652,1.72590782518605,1.68990793725145,0.159139368868368,0.479097155636362
AT4G33020,-0.24724120220243,-0.133311390585269,2.12253478494766,4.03185708756272,-0.197532395017625,-0.423435316128323
AT4G34320,1.56154405367487,-1.44213656510182,0.026647860845535,-0.192284806708771,-0.763905215576301,-0.413966533871541
AT4G34410,4.11294427384188,-1.48623763631424,1.98377624471964,1.55237120269789,-0.513347952880855,-0.223663591182456
AT4G34510,2.16348243261689,-4.21356424384094,-0.258743370536757,-0.135739871699782,0.60333841722879,0.187139213698193
AT4G35740,1.29977171946899,-2.21061784735118,0.154885843334728,0.0249338339534142,0.294595161540799,0.112066212830523
AT4G37030,3.07866612738236,-3.09130121187229,0.0597985096707039,0.189737129334988,0.372695244155501,0.00336646996985618
AT4G37370,1.89221885173794,-1.5394143487873,1.64277108868525,0.884186291143453,-0.864807934967759,-0.10046062859766
AT4G37420,3.49836796255324,-5.56036136910517,-0.139387610316355,0.163217115607136,,
AT4G37490,1.42817661991528,-2.32937717608446,-0.140800699394462,-0.278216117948378,0.495742880732172,0.113367802689794
AT4G39500,2.61484192311973,-4.41904179684798,0.395216936234068,-0.40781928671674,0.381478750686373,0.479602908415897
AT5G00825,2.29178064541546,-4.68728833248554,,,,
AT5G01380,1.21771829267986,0.261212988638375,1.79890066358721,1.45657148895698,-0.046677232293683,-0.365086579541232
AT5G01900,2.38285594600503,0.831782525911745,1.31672617501192,0.897050623890979,,
AT5G02220,2.39061875298011,-2.61566995575752,-0.117999644938136,0.145596656394943,0.486999747065883,0.270241515889758
AT5G03780,3.28379026183298,-4.28057523984218,0.632352069447397,-0.0299492131203771,1.26631050402401,0.712210681022735
AT5G05220,-0.0796490758827003,-0.323467319594065,2.14688059732236,1.70180415659061,0.82940974907567,0.956335085253742
AT5G05300,2.42008988168842,0.482596050834018,1.12158688885315,0.702239798247896,,
AT5G06190,1.09815482464347,-1.20369627631653,0.200217683447437,-0.0444796529001376,0.0793157922899977,0.274242521548845
AT5G06475,1.68439508167009,-2.63862099052198,-0.621307022666783,-0.0271140368649767,,
AT5G07165,7.22968613919827,-6.6213312945969,,,,
AT5G07610,3.07023601352905,-4.11417801534369,0.485846111309086,0.189662389585715,4.10020357275265,1.85289463297505
AT5G07620,1.2890415077554,-2.03629973540048,0.444492492078905,0.30163257914022,-0.00832313617490781,0.180091942997899
AT5G11410,2.40327429454246,-2.4286528221801,0.414883083574355,0.0776643477713767,0.304476941380649,-0.109262849314095
AT5G11460,2.09486035154456,-2.99568331211489,-0.0840361213288701,-0.169105422237345,-0.0672164809352387,-0.219348209207603
AT5G12030,1.56167511257159,-3.97481697316326,0.0965069536811221,0.791764991013264,-0.117497860364358,-1.03120245975303
AT5G14490,5.66434957409821,-3.4365339576941,0.852274332973503,0.61245739792323,,
AT5G14930,1.69860440126305,-1.82995598125545,0.248636092817414,0.10202863266386,0.186596990718815,0.188448216699813
AT5G15380,5.17029519207439,-3.36987667950055,0.181799887465739,-0.586824405040371,-0.701732090499665,0.0600862340248472
AT5G18270,1.38950475959202,-2.22328294497539,0.800212238634311,0.549900737295268,-0.230885080801486,0.0153342683134607
AT5G18490,1.06689076658721,-1.15982342748578,0.38236405138024,0.386579417611465,0.156445429101729,0.163271199112009
AT5G20230,1.49731280882856,-0.791443431383711,1.36007274878049,0.932585391984172,0.372578561783255,0.441634182418386
AT5G20850,2.92424223145048,-4.40921125944492,0.363146482312653,-0.212177820346213,1.61538365965173,1.16389528444495
AT5G22530,3.64617004495043,-1.41842890552316,-0.166246879176356,-0.473543925924177,,
AT5G22660,1.01538626109071,-2.62574454710288,0.629334208667775,0.220362253788492,-0.203898428969424,0.304085655990903
AT5G23910,1.36616502112795,-2.26681804635423,0.00568117887819525,-0.156557731296986,0.3486694379922,-0.0984889573906177
AT5G24280,3.5485594036242,-4.04921296318662,0.455988987286056,0.0284438497610086,0.344817573383807,-0.015026503249838
AT5G26170,2.57467030839143,-2.30648233164041,-0.28436805099285,-0.234580512386169,-0.168938664091173,-1.20544299562522
AT5G27420,2.00467952913157,-0.59078020942261,1.43002057771273,0.947995572833673,-0.118488231440024,-0.075884310025756
AT5G27760,1.21380839290461,-1.92843943861243,0.15828334338915,0.11047018205517,0.136695875255184,0.170752887791353
AT5G36907,0.518605919095227,-0.342311291363412,1.30853022657873,1.7464460172751,,
AT5G36925,1.74357201068351,0.272149736241878,1.1064259342555,1.25829644773688,-0.0857010366256912,-0.955600924028038
AT5G38910,1.31221033291554,-3.94824093721574,0.338837833155933,0.95757690078443,,
AT5G39720,0.243893971966513,-0.520599957238451,1.43212537285708,1.11901245158484,0.0721375520472824,-0.103716061832369
AT5G40840,2.32411656366383,-3.74206098725135,0.153988560948944,-0.0632056043915714,0.709354670972826,0.431928679393818
AT5G42380,3.2091213483855,-1.03853941570038,2.03463914184873,1.2965362210898,-0.807541942697212,0.106159626111022
AT5G43450,1.22805840707303,-1.68672420025684,0.250596139155257,0.237691220185462,0.099808301297306,0.271428715806886
AT5G43650,1.33077443859168,-0.0558326068465647,3.25306039553868,2.74692851903283,,
AT5G44990,2.78685612271885,0.459203310801961,2.07292566959178,1.45582844272712,,
AT5G45630,1.79731548652899,0.0487257834890349,1.60137746365475,0.704498620369837,-0.0880830860528879,0.346541155145441
AT5G47220,1.66802777334577,-0.572557341786307,1.18315736215923,0.902975810858877,-0.132536250009836,-0.167065088449477
AT5G47850,2.91965178833828,-0.761201642700567,1.49109370107972,1.09092615702211,1.68933362234099,1.01812981080339
AT5G48020,1.65754853457657,-2.72119631790005,0.21376881991514,0.0662127634990005,0.374316225665294,0.190915778774278
AT5G48720,3.69663008882365,-5.24557583699206,0.655161018036985,0.0666894834075981,1.4270576722104,0.746408249098924
AT5G49110,1.92190469828385,-2.88800802024326,0.176261773057841,-0.0395237543883028,0.563752285678526,0.167577198156346
AT5G49480,1.65271384571616,-2.63216554330562,0.325264964871098,0.0172493407896126,0.701290767688803,0.429168766448787
AT5G49520,1.61603004169207,-1.05109025569327,1.24842408338925,0.954121372187549,-0.116433856190645,0.00720127947376889
AT5G49690,0.388430554944088,-1.28681163890902,2.30665860110129,1.96160693714865,0.396654054227129,0.183692662591277
AT5G51190,3.70267031546012,0.903402218465338,,,0.0376921358651436,0.193370012904478
AT5G51580,2.77712003556288,-5.10913463212156,0.322663414483762,0.191362674316712,,
AT5G51585,2.64920962595028,-3.96659413630102,1.34628425082944,0.118602915562914,0.34517911160837,-0.266255164504768
AT5G51730,1.00435183690654,-1.63826144297252,0.0642769214800173,-0.0236066850142255,0.128362121185747,0.051485770389187
AT5G52760,3.68576682259263,-0.533600171078152,-0.144237977156128,-0.0640714112225709,-0.0212555576386573,-0.0604885323115712
AT5G54700,1.09232897734839,-2.86210251241147,0.0109435345460036,0.194936562974787,,
AT5G55490,3.55640942817811,-4.84539758965876,0.40760950964332,0.209647518270968,1.33999379653216,0.313955865610425
AT5G56510,4.65958041695474,-2.84238108375432,0.604588911980785,0.648338509607937,,
AT5G57010,1.13816891094584,0.168756141018316,1.1278168180261,0.647136142186174,0.347613881714152,-0.386884674589409
AT5G57510,2.08752836159676,-1.17723930774467,3.05197191209668,2.66960424020063,-0.118897252553554,0.840957112085374
AT5G58400,1.71535349814541,-1.82185243381655,0.512057045971189,0.727812801034919,1.85024468987986,1.40188363939767
AT5G58610,2.15160387630137,-2.24973418896026,-0.0901139251991355,-0.204386838925264,0.0723971925148809,-0.742316678094766
AT5G59820,1.90726455234665,-0.687006124907347,2.05724423399413,1.52946877512542,0.15935288103933,0.111959120683365
AT5G60250,4.51081698528359,-4.49781333223827,0.950227675635526,-0.0630139323781451,1.13291421521342,0.870317638177441
AT5G60260,-1.08452031066752,2.4985986651715,,,0.163665932556667,0.656114739963417
AT5G61160,1.41444220788195,-3.26293418887942,0.592116706321032,0.795731094854383,0.409245846297951,0.49628710613692
AT5G61490,1.07578761471408,-1.77542622291633,0.610813298270032,0.321320537811247,-0.105669622257303,-1.67115881399549
AT5G61740,3.44676735812552,-3.23730743771093,0.24789318876396,0.235058044041017,-0.60514816173957,-0.616429575341999
AT5G61890,1.40115785492696,-0.190527490170117,1.07868036746652,1.13207710144355,-1.12555850559834,-0.153786360021927
AT5G64060,3.00376902391311,-3.52489098776938,0.186379788905262,-0.161707858583994,0.429369644081894,-0.280267798905338
AT5G64750,0.188504574361427,-0.771301552954072,1.75528555944636,1.22877991111101,0.619097122278358,0.0970964009450768
AT5G65300,1.37237042139589,-1.26201638516014,0.84627670106576,0.692971276074463,0.080545480776244,-0.271066715115971
AT5G65500,1.46714905306863,-1.82194779565609,0.0269804967525717,0.776940562183255,0.488004159299847,-0.0512386964380169
AT5G66130,2.42082489150258,-2.94228140086651,0.292902556414153,-0.0863892086753896,1.2650264809162,0.828002430117228
AT5G66140,1.13687125430998,-1.81374969609456,-0.0210893623106061,-0.0733361941636389,0.241125300192608,0.0688916458496946
AT5G67080,0.131766508007701,-0.960480523599471,2.61633669514721,1.82320286101541,-1.12214853272919,-0.424729250835603
AT5G67460,2.2379910773928,-3.34450413435777,-0.0159419356771703,-0.162597316094045,-0.441575601476108,-0.553204510925797
