gene_id,baseMean,log2FoldChange,lfcSE,stat,pvalue,padj,deg_flag,direction,tau_subtissue,tau_broad,predominant_subtissue,predominant_broad_organ,tissue_class
AT1G04625,1.32908127840596,2.13973532210727,0.621999129210171,3.44009375836966,0.000581512699835586,0.00381765577860477,yes,up,0.685400106902701,0.368519881974431,seed_stage_10,Seed_Silique,tissue_specific
AT1G05490,81.2736199929437,2.38925524231086,0.266930426125886,8.95085388723752,3.52743021380947e-19,1.31086789172886e-16,yes,up,0.883105206719724,0.820499879907822,silique_stage_4,Seed_Silique,tissue_specific
AT1G05880,2.70850354736514,2.90353131417589,0.523305294481466,5.54844627943798,2.88219413331509e-08,8.97101212028161e-07,yes,up,0.629780270023418,0.404379266237418,senescing_leaf,Seed_Silique,tissue_specific
AT1G07500,37.3515755384167,7.27839977936731,1.18234257972184,6.15591445677247,7.46455091934246e-10,3.58283836396698e-08,yes,up,0.945491163097203,0.975731178641924,seed_stage_10,Seed_Silique,tissue_specific
AT1G08270,74.7685895716545,1.78175731061733,0.253204933939364,7.03681908127437,1.96677951820135e-12,1.85968870167237e-10,yes,up,0.80468474382012,0.468109235520654,mature_pollen,Seed_Silique,tissue_specific
AT1G09070,1078.63886392818,1.00819949529343,0.193570462159236,5.20843668009669,1.90438316458858e-07,4.53483552212274e-06,yes,up,0.675946280217436,0.451539193215443,mature_pollen,Seed_Silique,tissue_specific
AT1G09950,9.11255519713675,1.42115027911789,0.286734870216603,4.95632176876267,7.18402063415315e-07,1.39180469268463e-05,yes,up,0.738221253961792,0.3493752726604,seed_stage_8,Seed_Silique,tissue_specific
AT1G13310,2.84240459265933,2.69952161680701,0.540423342884301,4.9951980282705,5.87754248994471e-07,1.16256842460382e-05,yes,up,0.91111655539444,0.428551846638119,senescing_leaf,Seed_Silique,tissue_specific
AT1G15190,10.4274118713971,1.36307887978301,0.252475823752651,5.39884912354387,6.70697468933871e-08,1.84833672140911e-06,yes,up,0.937088043124997,0.586505833417129,flower_stage_9,Seed_Silique,tissue_specific
AT1G18830,5.48817850641778,1.0967135873432,0.342071830344582,3.20609149908205,0.00134551196769163,0.00761628710629414,yes,up,0.694851544082329,0.309905415267815,mature_pollen,Seed_Silique,tissue_specific
AT1G20180,4.70277447101278,2.20532597676819,0.385519311854674,5.72040338565326,1.06271443928501e-08,3.72359957890622e-07,yes,up,0.917406859546588,0.811381706843052,petal,Seed_Silique,tissue_specific
AT1G21230,0.698977137673153,1.84683723880301,0.638633789546456,2.89185644266426,0.00382972894951262,0.0177029328957211,yes,up,0.763854903288758,0.40132848369623,mature_pollen,Seed_Silique,tissue_specific
AT1G22240,1.61542319508083,2.45530807489468,0.551320882613786,4.45350095076062,8.44813338525733e-06,0.000111822648429685,yes,up,0.686656450014999,0.427401166724505,mature_pollen,Seed_Silique,tissue_specific
AT1G23000,159.615639624703,1.00888517913249,0.159788995213526,6.31385895996351,2.72161995761659e-10,1.5000712966396e-08,yes,up,0.803329568593772,0.679204195343574,shoot_apex_transition,Seed_Silique,tissue_specific
AT1G27730,207.263214274098,2.81499130955306,0.315502646484987,8.92224309657892,4.56937902954012e-19,1.64813469790486e-16,yes,up,0.861769245842243,0.719042489668672,seed_stage_8,Seed_Silique,tissue_specific
AT1G30660,12.2892530365095,1.97872242396806,0.315905057064639,6.26366175443398,3.76040693260392e-10,1.96655652102295e-08,yes,up,0.668594736674669,0.170908681412546,mature_pollen,Seed_Silique,tissue_specific
AT1G31280,485.192714028191,1.66356345202576,0.201812896602647,8.24309783978367,1.67808243823629e-16,3.84657270678706e-14,yes,up,0.600485319962623,0.679812634543858,seed_stage_9,Seed_Silique,tissue_specific
AT1G31290,18.914608761142,1.30979238792648,0.275169872850639,4.75994110240923,1.93649461118491e-06,3.26660270485091e-05,yes,up,0.8505599066217,0.755888545566396,silique_stage_4,Seed_Silique,tissue_specific
AT1G32560,12.7791881551011,-1.0283521781977,0.352809349890834,-2.91475319040124,0.00355969933064725,0.016722609745793,yes,down,0.937852051006807,0.99873413088527,seed_stage_9,Seed_Silique,tissue_specific
AT1G49150,2.20514122487908,1.68405977888246,0.47907899274592,3.51520272101682,0.000439418419842782,0.00302912186157502,yes,up,0.614390629327828,0.291885442952985,mature_pollen,Seed_Silique,tissue_specific
AT1G49250,1.22757359345389,2.44551457519541,0.717823170103151,3.40684820029421,0.000657176658183072,0.00421621027864405,yes,up,0.886034415628939,0.489208361583472,mature_pollen,Seed_Silique,tissue_specific
AT1G57650,0.840014814679133,2.97465666243857,0.830294390381179,3.58265296851269,0.000340122325153518,0.00245286100236411,yes,up,0.85622790147614,0.505798196508377,sepal,Seed_Silique,tissue_specific
AT1G67810,66.547610432445,1.04879144628349,0.175006792389078,5.99286137392773,2.06180601216291e-09,8.73400968226594e-08,yes,up,0.966078984343291,0.594305055264677,mature_pollen,Seed_Silique,tissue_specific
AT1G73500,188.275147713303,1.33412330669739,0.180202606936057,7.4034628542904,1.32678287520779e-13,1.59519625393243e-11,yes,up,0.649733133807132,0.252060793568779,senescing_leaf,Seed_Silique,tissue_specific
AT2G17660,3.61519645292122,1.74237075492244,0.396006981476055,4.39984857950742,1.08326439348098e-05,0.000138021952098224,yes,up,0.975212096136243,0.531352102307435,mature_pollen,Seed_Silique,tissue_specific
AT2G17850,3.00520477294682,1.32360771075836,0.484681456894179,2.73088167894847,0.00631651446827517,0.0264648360716408,yes,up,0.885134244845954,0.697597789659194,seed_stage_8,Seed_Silique,tissue_specific
AT2G18600,51.553767134754,2.15171342527794,0.25382483665066,8.47715871177471,2.30760057429719e-17,5.95773887218812e-15,yes,up,0.773556362374895,0.541006746591474,mature_pollen,Seed_Silique,tissue_specific
AT2G21450,3.9653313752629,2.65963379260575,0.482908987568328,5.50752597502533,3.63911728381806e-08,1.08982453748725e-06,yes,up,0.67840701047683,0.460422913014103,carpel,Seed_Silique,tissue_specific
AT2G21780,1.7591253967128,1.06225505579975,0.349938040142075,3.0355518233127,0.00240095958670817,0.0121956298093304,yes,up,0.878645064635962,0.692514905859729,mature_pollen,Seed_Silique,tissue_specific
AT2G23830,2.7515970072696,3.05360911574729,0.617322432727807,4.94653839526629,7.55448324238608e-07,1.45210666525081e-05,yes,up,0.803284633470852,0.264038768326309,senescing_leaf,Seed_Silique,tissue_specific
AT2G25370,2.23802982569393,3.84937376979835,0.802335978722773,4.79770803239575,1.6049148775712e-06,2.77600473922347e-05,yes,up,0.901081707722789,0.664501144699476,mature_pollen,Seed_Silique,tissue_specific
AT2G30660,6.82326535277774,1.51435478463881,0.261733988429175,5.78585453775942,7.21446247888691e-09,2.68104729120696e-07,yes,up,0.686833921997403,0.441566525708331,seed_stage_10,Seed_Silique,tissue_specific
AT2G31945,11.6916553645407,1.17608378666611,0.234363974646803,5.01819355316243,5.21596127170401e-07,1.05554358177462e-05,yes,up,0.901516422781172,0.854876411460639,seed_stage_9,Seed_Silique,tissue_specific
AT2G32030,29.8108189167063,1.62951714028771,0.25304855256841,6.43954341468592,1.19833436044589e-10,7.34788671466411e-09,yes,up,0.774154151499684,0.414477127264979,cotyledon,Seed_Silique,tissue_specific
AT2G32190,19.8327751421432,1.16984898396784,0.141089594871056,8.29153266076768,1.1179842455108e-16,2.66221355239256e-14,yes,up,0.907421389956211,0.92333437568063,seed_stage_9,Seed_Silique,tissue_specific
AT2G33130,0.86384112858511,1.1723243406101,0.453592075008789,2.58453444229021,0.00975105647795195,0.0374513251228825,yes,up,0.83020035844305,0.568708934340991,carpel,Seed_Silique,tissue_specific
AT2G38250,30.5237207141094,2.13764467348003,0.217675443106069,9.82032995076253,9.2041789772849e-23,6.45002565073905e-20,yes,up,0.763766498080438,0.543141811679278,sepal,Seed_Silique,tissue_specific
AT2G38340,26.5577653487297,3.44433705544791,0.388726253046306,8.86057226250066,7.96047420472495e-19,2.67461028519574e-16,yes,up,0.913977757031336,0.951511690273498,seed_stage_10,Seed_Silique,tissue_specific
AT2G40340,46.3742342918467,1.45555332604872,0.210760995640465,6.90617977783582,4.97878965134054e-12,4.2847289045063e-10,yes,up,0.602486350369542,0.296516709991368,seed_stage_7,Seed_Silique,tissue_specific
AT2G41010,146.249013540434,1.1568160988469,0.233953439047402,4.94464241926581,7.62837559351028e-07,1.46172787642208e-05,yes,up,0.602876671278641,0.253107247229489,silique_stage_4,Seed_Silique,tissue_specific
AT2G43860,2.39427101484355,-1.97241976373424,0.556598033265939,-3.54370595267955,0.000394545018037902,0.00277437088802054,yes,down,0.896820226179202,0.826716687255682,mature_pollen,Seed_Silique,tissue_specific
AT2G45570,7.32913577492055,1.14497275816709,0.274410882477923,4.17247577001326,3.01307650013386e-05,0.000328890642273178,yes,up,0.87810540600889,0.740370890102208,senescing_leaf,Seed_Silique,tissue_specific
AT2G47780,34.5471031055772,2.33695367216347,0.388570872768453,6.01422761184689,1.80746403917515e-09,7.72328754161132e-08,yes,up,0.909173671722576,0.850779266287765,seed_stage_10,Seed_Silique,tissue_specific
AT3G02480,80.0189697685684,1.19513253732928,0.337266862373222,3.54358127246649,0.000394731626207925,0.00277488753109824,yes,up,0.892908207978552,0.968937216358414,seed_stage_9,Seed_Silique,tissue_specific
AT3G02670,12.0762423575051,1.63512532143857,0.35188474314583,4.64676390007886,3.37182701160833e-06,5.16234713568773e-05,yes,up,0.981003008870334,0.888112988159583,silique_stage_3,Seed_Silique,tissue_specific
AT3G03470,62.7768475509758,1.21895423729495,0.182849766798801,6.66642489424791,2.62109723133089e-11,1.86341019689428e-09,yes,up,0.78493666800903,0.693589962420269,senescing_leaf,Seed_Silique,tissue_specific
AT3G08720,228.313007698612,1.00419762111447,0.140719492050605,7.13616576126744,9.59702688823678e-13,9.80776160365765e-11,yes,up,0.786034819045665,0.561718635323014,seed_stage_9,Seed_Silique,tissue_specific
AT3G10780,1.31293513360841,1.47343322370667,0.450612569171383,3.26984492779711,0.00107606456982888,0.00632461914790151,yes,up,0.843641302083059,0.847966024885534,mature_pollen,Seed_Silique,tissue_specific
AT3G12510,51.594963987456,1.3992610125576,0.233513055180803,5.99221748640216,2.06998836267881e-09,8.75355251231435e-08,yes,up,0.969432814871328,0.705891222241179,mature_pollen,Seed_Silique,tissue_specific
AT3G14700,8.22822235032974,1.1466872993395,0.230006897461644,4.98544744524768,6.18185816239742e-07,1.21882986454278e-05,yes,up,0.735316106535442,0.588356245831734,senescing_leaf,Seed_Silique,tissue_specific
AT3G21520,5.42789295621869,1.33664850478363,0.274641141650129,4.86689101549983,1.13367503669974e-06,2.06279068063846e-05,yes,up,0.91742984929389,0.687682088185335,seed_stage_10,Seed_Silique,tissue_specific
AT3G21840,1.19857949971654,3.187874085789,1.01240210346126,3.14882206871173,0.00163929974092896,0.00896279642125828,yes,up,0.932274169895835,0.948108608604146,silique_stage_4,Seed_Silique,tissue_specific
AT3G21850,19.2249650512338,6.22079862319981,0.80515025607076,7.72625801991064,1.1075402985257e-14,1.73023190458216e-12,yes,up,0.945856991359701,0.990553740816119,silique_stage_4,Seed_Silique,tissue_specific
AT3G21860,3.01326796509988,4.05452401983743,0.631736549957145,6.41806148482699,1.38020515917151e-10,8.35766661800097e-09,yes,up,0.943479672811362,0.937419195882874,silique_stage_4,Seed_Silique,tissue_specific
AT3G28890,2.67981292026141,1.85402198937713,0.471512456634556,3.93207425019119,8.42160436478446e-05,0.000772463314342066,yes,up,0.812429423974331,0.462995739232563,senescing_leaf,Seed_Silique,tissue_specific
AT3G42860,104.219712731734,1.57886023078237,0.197772272198667,7.98322339744555,1.4256055514931e-15,2.64892631526298e-13,yes,up,0.916209885581783,0.865866818270172,seed_stage_10,Seed_Silique,tissue_specific
AT3G45490,1.2393156192435,2.21562044580309,0.584887911550313,3.78811119540892,0.000151796913304905,0.00125823686807347,yes,up,0.733339822786323,0.184175073660736,stem,Seed_Silique,tissue_specific
AT3G50060,191.971093398098,1.02403728973977,0.261376070945164,3.91786932153639,8.9335111019101e-05,0.000809428248232541,yes,up,0.702700320345186,0.496818876073525,seed_stage_10,Seed_Silique,tissue_specific
AT3G51890,84.163879350003,1.03984105676876,0.148303727118754,7.01156388292324,2.35668840166161e-12,2.173026181487e-10,yes,up,0.71355465038714,0.567828688769837,senescing_leaf,Seed_Silique,tissue_specific
AT3G53040,35.6151999972613,2.16827160719847,0.45954551795363,4.71829562576053,2.37828725971246e-06,3.87075325938736e-05,yes,up,0.950343349233664,0.997070090489475,seed_stage_10,Seed_Silique,tissue_specific
AT3G54520,2.38173318900707,1.84010527196409,0.461475530039031,3.98743844946331,6.67905244971868e-05,0.000639411082881539,yes,up,0.749441427364778,0.355416755242418,seed_stage_9,Seed_Silique,tissue_specific
AT3G55550,1.54790447330433,-1.02134256301168,0.356016925599783,-2.8688033898698,0.00412027830829414,0.0188120003848716,yes,down,0.605185653334107,0.3692204418232,seed_stage_8,Seed_Silique,tissue_specific
AT3G56880,548.248591449561,1.29657988665772,0.240275775136134,5.3962156023557,6.80611553496373e-08,1.8657791543683e-06,yes,up,0.788569419694312,0.697206319587861,seed_stage_10,Seed_Silique,tissue_specific
AT3G57240,13.3956125226457,2.08733492141774,0.454491123729041,4.59268578072863,4.37577666601352e-06,6.40744324103365e-05,yes,up,0.943426315396806,0.697245540368588,silique_stage_4,Seed_Silique,tissue_specific
AT4G02160,1.31384327398776,-1.10943090955809,0.433174728167063,-2.56116259194653,0.0104322520144955,0.0395535392115521,yes,down,0.727227072302706,0.332164122137884,mature_pollen,Seed_Silique,tissue_specific
AT4G14530,2.0586900450967,2.49346163827575,0.558620557913911,4.46360521994971,8.0591993582539e-06,0.000107838506633875,yes,up,0.916834326513725,0.498680565638506,mature_pollen,Seed_Silique,tissue_specific
AT4G17660,2.84977510369591,2.8488643414098,0.527746927643277,5.39816376408248,6.73264004908627e-08,1.85124957941636e-06,yes,up,0.872603360841198,0.81311977442353,silique_stage_5,Seed_Silique,tissue_specific
AT4G19570,1.49763270671117,1.83843327196699,0.455332895453832,4.03755865285028,5.40103436154547e-05,0.000536390720495251,yes,up,0.897750797472894,0.464288724609917,mature_pollen,Seed_Silique,tissue_specific
AT4G24110,45.3805098730584,1.29417681461487,0.297774281371196,4.34616719971727,1.38536983473563e-05,0.000169302271731743,yes,up,0.90844301284533,0.867047252153029,seed_stage_8,Seed_Silique,tissue_specific
AT4G25580,25.160204010984,1.27666863598667,0.407782006075109,3.13076255687339,0.0017435306726003,0.00941721576896443,yes,up,0.938173937876653,0.983238034918041,seed_stage_10,Seed_Silique,tissue_specific
AT4G26120,22.0938650555592,1.12423214331752,0.171126462177819,6.56959846542795,5.04511236739978e-11,3.35342739932831e-09,yes,up,0.812252697324267,0.469904334545506,seed_stage_9,Seed_Silique,tissue_specific
AT4G26200,48.0837656877463,1.07484990687821,0.157167330702254,6.83888885861698,7.98097708929115e-12,6.39704003493608e-10,yes,up,0.895402125334067,0.894053164845937,seed_stage_7,Seed_Silique,tissue_specific
AT4G26460,1.26797941461235,2.07230931629679,0.667451839794767,3.10480725760529,0.00190403054171491,0.0101279889604514,yes,up,0.739842236424784,0.685424623825242,seed_stage_7,Seed_Silique,tissue_specific
AT4G27150,2.58601103800371,1.7052414530993,0.649606379451387,2.62503803386203,0.00866392887480604,0.0340982322709191,yes,up,0.905452148227052,0.999779818709921,seed_stage_9,Seed_Silique,tissue_specific
AT4G28950,142.995906943921,1.54791698210321,0.232769727698292,6.64999266618365,2.9310762405029e-11,2.05401448430899e-09,yes,up,0.769033653761262,0.567750724242685,seed_stage_6,Seed_Silique,tissue_specific
AT4G34320,21.195028966476,1.56154405367487,0.249848071963004,6.249974400067,4.10519967143195e-10,2.12871527148439e-08,yes,up,0.878579260603482,0.883278878444948,seed_stage_9,Seed_Silique,tissue_specific
AT4G34510,72.5746307133081,2.16348243261689,0.307293828096403,7.04043568339476,1.91639653672819e-12,1.82183945179583e-10,yes,up,0.93776817222051,0.846506143464801,stamen,Seed_Silique,tissue_specific
AT4G36700,111.661527321145,1.92815072042483,0.370576500432568,5.20311114756098,1.9597957550975e-07,4.64873408948515e-06,yes,up,0.871843155714237,0.99906931622741,seed_stage_9,Seed_Silique,tissue_specific
AT4G39500,12.4088580492805,2.61484192311973,0.362924599558772,7.20491784326205,5.80788570835178e-13,6.27533095897551e-11,yes,up,0.74579672318259,0.809991276295757,seed_stage_10,Seed_Silique,tissue_specific
AT5G01380,4.69976534060535,1.21771829267986,0.318116310124895,3.82790273218552,0.000129239807571411,0.0011017951895391,yes,up,0.682666426523757,0.474547358598174,seed_stage_9,Seed_Silique,tissue_specific
AT5G04340,97.8818269317736,1.29130212422718,0.226040601788652,5.71269990439394,1.1119767206348e-08,3.87407003224568e-07,yes,up,0.777660604273399,0.665756811228512,seed_stage_8,Seed_Silique,tissue_specific
AT5G07760,2.63343505321639,1.19222638497339,0.310230036462687,3.84303982479395,0.000121519740496137,0.00104579462285921,yes,up,0.703097833612386,0.282149634375922,shoot_apex_transition,Seed_Silique,tissue_specific
AT5G10120,2.29750901537838,-1.24352421313525,0.383057144647425,-3.24631515300366,0.00116909341191137,0.0067916518507698,yes,down,0.887386468989529,0.909064251620075,seed_stage_10,Seed_Silique,tissue_specific
AT5G12030,3.84870007143049,1.56167511257159,0.332849063761637,4.69184168620629,2.70756612877744e-06,4.33192918724881e-05,yes,up,0.953835237410425,0.949518974143228,seed_stage_10,Seed_Silique,tissue_specific
AT5G22540,2.95798616002884,2.15604454985856,0.414527025388254,5.20121588656171,1.97988957156749e-07,4.67829976125585e-06,yes,up,0.724095755143251,0.517387256614425,seed_stage_9,Seed_Silique,tissue_specific
AT5G27760,570.008402149501,1.21380839290461,0.159446496015932,7.61263761345578,2.68558003178464e-14,3.76395551083325e-12,yes,up,0.6839764374852,0.556098318633421,seed_stage_9,Seed_Silique,tissue_specific
AT5G40840,329.050179019768,2.32411656366383,0.282701129969007,8.22110815021725,2.01631333358926e-16,4.53707496632512e-14,yes,up,0.713739028438004,0.373261660715725,seed_stage_10,Seed_Silique,tissue_specific
AT5G45630,5.69047758373185,1.79731548652899,0.408678684992203,4.39786940824496,1.09318719295032e-05,0.000139109978719233,yes,up,0.898593176008165,0.835638474777655,seed_stage_8,Seed_Silique,tissue_specific
AT5G46295,5.88944188560501,2.04220109973781,0.392531021635849,5.20264893008218,1.96467799648863e-07,4.65581229177551e-06,yes,up,0.877683615413674,0.332838990301367,mature_pollen,Seed_Silique,tissue_specific
AT5G46540,0.877546924893419,1.42223366194307,0.485796814420387,2.92763068782155,0.00341555483949453,0.0161787009556358,yes,up,0.886989679593495,0.772668033755002,silique_stage_3,Seed_Silique,tissue_specific
AT5G51480,1.67118440929175,1.18245799019908,0.399490937291531,2.95991192745425,0.00307727001281095,0.0148721579515693,yes,up,0.854127662898126,0.915910684938379,silique_stage_3,Seed_Silique,tissue_specific
AT5G51580,59.3023917187316,2.77712003556288,0.4236911941253,6.55458521222319,5.579674710286e-11,3.65916261013863e-09,yes,up,0.622268549405155,0.466760517206876,seed_stage_7,Seed_Silique,tissue_specific
AT5G53240,5.04335167917102,2.85327273796748,0.445634576240452,6.40271848301989,1.52634476801795e-10,9.0208814759461e-09,yes,up,0.669230813068319,0.246119252647193,seed_stage_10,Seed_Silique,tissue_specific
AT5G55490,113.238784129865,3.55640942817811,0.375398848163497,9.47368231302933,2.70148656183474e-21,1.47243024226935e-18,yes,up,0.964733318158934,0.761195694195278,mature_pollen,Seed_Silique,tissue_specific
AT5G56510,6.1878086168912,4.65958041695474,0.576941395110816,8.07634961963469,6.67343699755884e-16,1.35272222511674e-13,yes,up,0.700394609014632,0.838026326593404,silique_stage_4,Seed_Silique,tissue_specific
AT5G65800,5.27563575539885,-1.09406075385577,0.266889587088072,-4.099301009802,4.14399788423533e-05,0.000430677271638304,yes,down,0.890680151298221,0.60374837023501,seed_stage_10,Seed_Silique,tissue_specific
