"gene_id","baseMean","log2FoldChange","lfcSE","stat","pvalue","padj","deg_flag","regulation","tau_subtissue","tau_broad","specificity","predominant_broad_organ","predominant_subtissue"
"AT1G02690",387.0726923,-0.429195392,0.111111945,-3.862729521,0.000112127,0.000935957,"yes","down",0.754383333656006,0.500892546455779,"tissue_specific","Leaf_Shoot","shoot_apex_transition"
"AT1G02970",104.2686019,0.549880069,0.128678969,4.273270698,1.93e-05,0.000214188,"yes","up",0.654007869442729,0.325280579849465,"tissue_specific","Leaf_Shoot","shoot_apex_transition"
"AT1G03830",283.9510848,0.306577986,0.054634979,5.611386567,2.01e-08,6.12e-07,"yes","up",0.664532742183255,0.411116547655022,"tissue_specific","Leaf_Shoot","shoot_apex_transition"
"AT1G04020",242.4443223,-0.29641054,0.090574282,-3.272568485,0.00106575,0.006043526,"yes","down",0.66577735448444,0.434442666461758,"tissue_specific","Leaf_Shoot","shoot_apex_transition"
"AT1G04650",102.179502,0.781359711,0.138099728,5.657938087,1.53e-08,4.87e-07,"yes","up",0.60518248765619,0.284871936295885,"tissue_specific","Leaf_Shoot","shoot_apex_transition"
"AT1G04730",118.5171564,-0.214151534,0.074529739,-2.87337023,0.004061179,0.017850861,"yes","down",0.647084774507056,0.410666886767772,"tissue_specific","Leaf_Shoot","shoot_apex_transition"
"AT1G05470",189.2967624,-0.33039727,0.066453496,-4.971856897,6.63e-07,1.24e-05,"yes","down",0.666435464316344,0.390395687551821,"tissue_specific","Leaf_Shoot","shoot_apex_transition"
"AT1G07370",392.3093424,-0.307082625,0.093772189,-3.274772919,0.001057469,0.006003788,"yes","down",0.79540624020551,0.57531102756386,"tissue_specific","Leaf_Shoot","shoot_apex_transition"
"AT1G07660",261.3146497,-0.196113667,0.060558894,-3.238395759,0.001202039,0.006671927,"yes","down",0.672013489384944,0.407950172243868,"tissue_specific","Leaf_Shoot","shoot_apex_transition"
"AT1G08880",972.8852406,-0.363858272,0.061079684,-5.95710792,2.57e-09,1.01e-07,"yes","down",0.650953515458364,0.298281797232237,"tissue_specific","Leaf_Shoot","shoot_apex_transition"
"AT1G09450",64.53329174,-0.322726968,0.110973163,-2.90815329,0.003635701,0.016314236,"yes","down",0.747877133294815,0.600697216356341,"tissue_specific","Leaf_Shoot","shoot_apex_transition"
"AT1G10120",263.9794268,-0.123992105,0.045419727,-2.729917449,0.006335019,0.025365954,"yes","down",0.603260056045044,0.398422362768246,"tissue_specific","Leaf_Shoot","shoot_apex_transition"
"AT1G10230",101.0447142,-0.234844259,0.06358128,-3.693606976,0.000221095,0.001632795,"yes","down",0.660550335125559,0.585526351984863,"tissue_specific","Leaf_Shoot","shoot_apex_transition"
"AT1G10640",113.1970349,-0.474447128,0.169817187,-2.793869905,0.005208143,0.021756432,"yes","down",0.682717250333905,0.743110178709136,"tissue_specific","Leaf_Shoot","shoot_apex_transition"
"AT1G10780",132.9589075,-0.523659547,0.150034759,-3.490254866,0.00048256,0.003128168,"yes","down",0.721706937422451,0.513601118343759,"tissue_specific","Leaf_Shoot","shoot_apex_transition"
"AT1G10850",503.4154767,-0.193194882,0.053656872,-3.600561794,0.00031753,0.002204755,"yes","down",0.616876438277701,0.602698709003984,"tissue_specific","Leaf_Shoot","shoot_apex_transition"
"AT1G11160",82.76824213,-0.347545866,0.075420698,-4.608096685,4.06e-06,5.74e-05,"yes","down",0.623465950103722,0.369056914461818,"tissue_specific","Leaf_Shoot","shoot_apex_transition"
"AT1G11300",50.96149574,0.219974838,0.082074197,2.680194829,0.007357932,0.02867866,"yes","up",0.742008790602626,0.563293286927743,"tissue_specific","Leaf_Shoot","shoot_apex_transition"
"AT1G11820",860.9697081,-0.189015484,0.060078324,-3.146151097,0.001654345,0.008624033,"yes","down",0.696187018736453,0.348483556734646,"tissue_specific","Leaf_Shoot","shoot_apex_transition"
"AT1G12270",926.7509907,-0.110076477,0.039728719,-2.770702907,0.005593544,0.022999582,"yes","down",0.610295474132345,0.335219511901822,"tissue_specific","Leaf_Shoot","shoot_apex_transition"
"AT1G14180",110.4387051,-0.244426342,0.063790932,-3.831678517,0.000127272,0.001037407,"yes","down",0.701767047852311,0.65842329468028,"tissue_specific","Leaf_Shoot","shoot_apex_transition"
"AT1G14440",217.7022422,-0.391490245,0.084068436,-4.656804185,3.21e-06,4.71e-05,"yes","down",0.771571243551018,0.746092607705552,"tissue_specific","Leaf_Shoot","shoot_apex_transition"
"AT1G14620",354.6484752,-0.093496257,0.032943718,-2.838060239,0.004538862,0.019528389,"yes","down",0.696761873022919,0.452510208899018,"tissue_specific","Leaf_Shoot","shoot_apex_transition"
"AT1G14687",28.77630668,-0.204070342,0.081731076,-2.496851289,0.012530149,0.043904565,"yes","down",0.80713852966483,0.649640502775148,"tissue_specific","Leaf_Shoot","shoot_apex_transition"
"AT1G15570",223.2369172,-0.305780869,0.107787038,-2.836898329,0.004555412,0.019586533,"yes","down",0.645848980798818,0.458811694878694,"tissue_specific","Leaf_Shoot","shoot_apex_transition"
"AT1G16220",101.0869676,0.251349291,0.08372375,3.002126547,0.002681007,0.01274695,"yes","up",0.659694065838348,0.373866611655525,"tissue_specific","Leaf_Shoot","shoot_apex_transition"
"AT1G17140",528.9041338,-0.328287108,0.088121135,-3.725407157,0.000195,0.001470957,"yes","down",0.621055835215555,0.707722871275148,"tissue_specific","Leaf_Shoot","shoot_apex_transition"
"AT1G17480",56.92558232,-0.481476826,0.14547313,-3.309730293,0.000933859,0.0054035,"yes","down",0.66204331787712,0.417768414137939,"tissue_specific","Leaf_Shoot","shoot_apex_transition"
"AT1G18140",81.90660448,-0.322959861,0.102009814,-3.165968518,0.001545675,0.008181848,"yes","down",0.836158810053659,0.860185749416988,"tissue_specific","Leaf_Shoot","shoot_apex_transition"
"AT1G18250",467.9875383,-0.553696085,0.154978627,-3.572725455,0.000353285,0.002405543,"yes","down",0.81642286207724,0.744907952657929,"tissue_specific","Leaf_Shoot","shoot_apex_transition"
"AT1G18370",463.4670124,-0.952435839,0.227523298,-4.186102469,2.84e-05,0.000297319,"yes","down",0.748237000930201,0.587078700480148,"tissue_specific","Leaf_Shoot","shoot_apex_transition"
"AT1G18650",285.3269344,-0.355009284,0.073234574,-4.847563973,1.25e-06,2.1e-05,"yes","down",0.717791408007,0.615289489443715,"tissue_specific","Leaf_Shoot","shoot_apex_transition"
"AT1G20030",96.15457878,-0.672645204,0.148974232,-4.515178189,6.33e-06,8.36e-05,"yes","down",0.68926168401263,0.464829380142798,"tissue_specific","Leaf_Shoot","shoot_apex_transition"
"AT1G21560",231.0152533,-0.206246511,0.051011058,-4.043172539,5.27e-05,0.000499827,"yes","down",0.603556885865622,0.426755952997682,"tissue_specific","Leaf_Shoot","shoot_apex_transition"
"AT1G23000",195.6705577,1.000289694,0.158118131,6.326217532,2.51e-10,1.31e-08,"yes","up",0.803329568593772,0.679204195343574,"tissue_specific","Leaf_Shoot","shoot_apex_transition"
"AT1G23790",98.39674498,-1.091423441,0.248689189,-4.38870481,1.14e-05,0.000137633,"yes","down",0.691822083493135,0.569118912600003,"tissue_specific","Leaf_Shoot","shoot_apex_transition"
"AT1G26760",69.62252426,-1.009059898,0.22951749,-4.396440098,1.1e-05,0.000133642,"yes","down",0.678855066651378,0.396230291165167,"tissue_specific","Leaf_Shoot","shoot_apex_transition"
"AT1G29270",23.69648392,-0.561994428,0.163833308,-3.430281874,0.000602955,0.003758183,"yes","down",0.903517998453789,0.336099463269773,"tissue_specific","Leaf_Shoot","shoot_apex_transition"
"AT1G31040",26.01787269,0.454218066,0.124497919,3.648398867,0.00026388,0.001890136,"yes","up",0.72686941584418,0.548838243954397,"tissue_specific","Leaf_Shoot","shoot_apex_transition"
"AT1G32930",95.29478585,-0.211563407,0.076664535,-2.759599421,0.005787227,0.023614733,"yes","down",0.651372297557599,0.470356832931203,"tissue_specific","Leaf_Shoot","shoot_apex_transition"
"AT1G34355",150.2246985,-0.671853173,0.209098113,-3.21310012,0.001313105,0.007188101,"yes","down",0.704869159917027,0.569569142675969,"tissue_specific","Leaf_Shoot","shoot_apex_transition"
"AT1G36180",301.9137462,1.045095463,0.187106042,5.585578384,2.33e-08,6.97e-07,"yes","up",0.604645051305577,0.486075838811101,"tissue_specific","Leaf_Shoot","shoot_apex_transition"
"AT1G44760",275.9747663,-0.300453129,0.063055307,-4.764914223,1.89e-06,2.99e-05,"yes","down",0.773461359139098,0.747897473413493,"tissue_specific","Leaf_Shoot","shoot_apex_transition"
"AT1G46264",147.7170647,-0.310795122,0.079066092,-3.930826886,8.47e-05,0.000739916,"yes","down",0.80024859799746,0.317006640928452,"tissue_specific","Leaf_Shoot","shoot_apex_transition"
"AT1G47210",317.275187,-0.310021118,0.081871279,-3.786689577,0.000152668,0.00120782,"yes","down",0.715264466370106,0.335809463648718,"tissue_specific","Leaf_Shoot","shoot_apex_transition"
"AT1G49870",170.2321026,-1.026674548,0.225620562,-4.550447607,5.35e-06,7.29e-05,"yes","down",0.712549412204935,0.563658720495652,"tissue_specific","Leaf_Shoot","shoot_apex_transition"
"AT1G50490",450.9087653,-0.714508901,0.179974268,-3.970061448,7.19e-05,0.000646989,"yes","down",0.688119958210586,0.456715875745138,"tissue_specific","Leaf_Shoot","shoot_apex_transition"
"AT1G51060",1522.349944,-0.451982396,0.071323781,-6.337050431,2.34e-10,1.23e-08,"yes","down",0.657147817539435,0.422691509875786,"tissue_specific","Leaf_Shoot","shoot_apex_transition"
"AT1G51380",66.24837906,-0.26422801,0.108166538,-2.442788821,0.014574263,0.049554175,"yes","down",0.763794866899637,0.63635475409295,"tissue_specific","Leaf_Shoot","shoot_apex_transition"
"AT1G53645",632.5497561,-0.104950061,0.041747993,-2.513894751,0.011940606,0.042273481,"yes","down",0.61852419288418,0.420803681143319,"tissue_specific","Leaf_Shoot","shoot_apex_transition"
"AT1G54690",541.0365838,-0.277071308,0.070408881,-3.935175581,8.31e-05,0.000728536,"yes","down",0.671510028778199,0.31519073289477,"tissue_specific","Leaf_Shoot","shoot_apex_transition"
"AT1G55200",130.3423283,-0.398001747,0.095906747,-4.149882686,3.33e-05,0.000339604,"yes","down",0.844394327112169,0.768428017863484,"tissue_specific","Leaf_Shoot","shoot_apex_transition"
"AT1G57820",566.5435517,-0.249760957,0.097538277,-2.560645562,0.010447789,0.037948493,"yes","down",0.819754269265858,0.688256701330329,"tissue_specific","Leaf_Shoot","shoot_apex_transition"
"AT1G59540",190.7664853,-0.558352911,0.174673547,-3.196551056,0.001390812,0.007547333,"yes","down",0.74044568443158,0.592776106161553,"tissue_specific","Leaf_Shoot","shoot_apex_transition"
"AT1G60630",74.95940139,-0.267398844,0.062768285,-4.260094801,2.04e-05,0.000225454,"yes","down",0.74614391172953,0.537854555209055,"tissue_specific","Leaf_Shoot","shoot_apex_transition"
"AT1G61450",36.54660397,-0.539090441,0.190401109,-2.831340867,0.004635329,0.019877864,"yes","down",0.738507715409596,0.600183309029821,"tissue_specific","Leaf_Shoot","shoot_apex_transition"
"AT1G63100",308.8256504,-0.947039886,0.238379502,-3.972824329,7.1e-05,0.000640996,"yes","down",0.719477350272734,0.566641976417455,"tissue_specific","Leaf_Shoot","shoot_apex_transition"
"AT1G63650",115.5835522,-0.592361018,0.1127179,-5.255252418,1.48e-07,3.44e-06,"yes","down",0.808260749980479,0.644905137299557,"tissue_specific","Leaf_Shoot","shoot_apex_transition"
"AT1G64260",12.39772796,0.391388147,0.140130193,2.793032244,0.005221649,0.021801262,"yes","up",0.755581077121816,0.344634941177189,"tissue_specific","Leaf_Shoot","shoot_apex_transition"
"AT1G65900",143.3432682,-0.246641999,0.098490714,-2.504215769,0.012272317,0.043159225,"yes","down",0.716793121849826,0.620231843325568,"tissue_specific","Leaf_Shoot","shoot_apex_transition"
"AT1G66250",268.651302,-0.486488551,0.094335,-5.15703135,2.51e-07,5.34e-06,"yes","down",0.668521953861559,0.455261645435478,"tissue_specific","Leaf_Shoot","shoot_apex_transition"
"AT1G67040",200.3425445,-0.175388161,0.070088939,-2.502365752,0.01233664,0.043327119,"yes","down",0.813696979459471,0.713059269705109,"tissue_specific","Leaf_Shoot","shoot_apex_transition"
"AT1G68640",68.70235834,-0.41300789,0.119291378,-3.462177212,0.000535824,0.003403661,"yes","down",0.878307088489654,0.779662524447668,"tissue_specific","Leaf_Shoot","shoot_apex_transition"
"AT1G69040",547.9096787,-0.310029396,0.077930605,-3.978275236,6.94e-05,0.000630257,"yes","down",0.771795167504259,0.516663210760291,"tissue_specific","Leaf_Shoot","shoot_apex_transition"
"AT1G69700",258.4955565,-0.173279791,0.051521722,-3.363237576,0.00077034,0.004603101,"yes","down",0.661923965834185,0.515490694035048,"tissue_specific","Leaf_Shoot","shoot_apex_transition"
"AT1G70510",16.23350487,0.273449462,0.107975018,2.532525273,0.011324421,0.040465449,"yes","up",0.828916336778762,0.74171329297894,"tissue_specific","Leaf_Shoot","shoot_apex_transition"
"AT1G73690",52.90535727,-0.462041485,0.106885342,-4.322776885,1.54e-05,0.000178305,"yes","down",0.682479309424827,0.398294935406337,"tissue_specific","Leaf_Shoot","shoot_apex_transition"
"AT1G73940",568.4653917,-0.104297437,0.03407577,-3.060750664,0.002207829,0.010881276,"yes","down",0.614964402749018,0.369801131713808,"tissue_specific","Leaf_Shoot","shoot_apex_transition"
"AT1G74560",1408.283473,-0.111762236,0.044631537,-2.504109045,0.012276019,0.043159225,"yes","down",0.624742087518376,0.313589551517048,"tissue_specific","Leaf_Shoot","shoot_apex_transition"
"AT1G76120",150.056024,-0.268348051,0.076503567,-3.507654094,0.000452076,0.002965989,"yes","down",0.658397803611659,0.323953385647166,"tissue_specific","Leaf_Shoot","shoot_apex_transition"
"AT1G76280",279.1626038,-0.147540906,0.050074285,-2.946440598,0.003214542,0.014782752,"yes","down",0.727391907579001,0.433288960251495,"tissue_specific","Leaf_Shoot","shoot_apex_transition"
"AT1G76310",177.1248075,-0.724782946,0.234965376,-3.084637227,0.002038006,0.010215162,"yes","down",0.754370640816806,0.605978354956836,"tissue_specific","Leaf_Shoot","shoot_apex_transition"
"AT1G79890",73.15933625,0.280751218,0.063220036,4.440858217,8.96e-06,0.000112587,"yes","up",0.648113802043434,0.448722651815364,"tissue_specific","Leaf_Shoot","shoot_apex_transition"
"AT1G80050",149.0287956,-0.27498298,0.073576502,-3.737375031,0.000185951,0.001413099,"yes","down",0.638593978294883,0.28248853229902,"tissue_specific","Leaf_Shoot","shoot_apex_transition"
"AT2G01630",368.0645621,-0.213753873,0.04775452,-4.476097218,7.6e-06,9.76e-05,"yes","down",0.674967864655554,0.417565856984772,"tissue_specific","Leaf_Shoot","shoot_apex_transition"
"AT2G05760",105.1229012,-0.305499961,0.071852122,-4.251787618,2.12e-05,0.000232723,"yes","down",0.642737775384881,0.442004357851384,"tissue_specific","Leaf_Shoot","shoot_apex_transition"
"AT2G11910",1564.570709,-0.140093098,0.044034527,-3.181437574,0.001465461,0.007838737,"yes","down",0.611083670261653,0.390966555053219,"tissue_specific","Leaf_Shoot","shoot_apex_transition"
"AT2G16270",190.5232851,-0.938678081,0.21283778,-4.410298212,1.03e-05,0.000126674,"yes","down",0.788764316663255,0.701208133486111,"tissue_specific","Leaf_Shoot","shoot_apex_transition"
"AT2G17250",478.5938675,-0.187468192,0.072802991,-2.575006738,0.010023813,0.036691204,"yes","down",0.603597551172753,0.313141548699753,"tissue_specific","Leaf_Shoot","shoot_apex_transition"
"AT2G18400",183.6878947,-0.167536379,0.042247551,-3.965587939,7.32e-05,0.000656237,"yes","down",0.606115680671754,0.351002221908833,"tissue_specific","Leaf_Shoot","shoot_apex_transition"
"AT2G21790",2123.494628,1.06976526,0.172532309,6.200376418,5.63e-10,2.65e-08,"yes","up",0.681791625379894,0.479150328280573,"tissue_specific","Leaf_Shoot","shoot_apex_transition"
"AT2G23530",47.73063909,-0.803469805,0.151735027,-5.295216429,1.19e-07,2.85e-06,"yes","down",0.764569611478764,0.467708760319651,"tissue_specific","Leaf_Shoot","shoot_apex_transition"
"AT2G23930",895.3781114,-0.128352491,0.041206415,-3.114866699,0.001840281,0.00938778,"yes","down",0.600603447981868,0.400147531413211,"tissue_specific","Leaf_Shoot","shoot_apex_transition"
"AT2G24490",196.0510106,-0.305942174,0.085524951,-3.577227114,0.000347258,0.002369984,"yes","down",0.720707459685267,0.489442092121521,"tissue_specific","Leaf_Shoot","shoot_apex_transition"
"AT2G24970",53.87770258,0.309900602,0.087386538,3.546319697,0.000390652,0.002618379,"yes","up",0.607127474142123,0.339998445550807,"tissue_specific","Leaf_Shoot","shoot_apex_transition"
"AT2G25060",480.6821004,-0.930208019,0.25585556,-3.635676396,0.000277252,0.001966205,"yes","down",0.71460297940687,0.434876133481702,"tissue_specific","Leaf_Shoot","shoot_apex_transition"
"AT2G28620",354.2966768,-1.038981146,0.22330299,-4.652786546,3.27e-06,4.79e-05,"yes","down",0.748853886024533,0.572535596022486,"tissue_specific","Leaf_Shoot","shoot_apex_transition"
"AT2G28740",643.330553,-0.398004818,0.078587626,-5.064471838,4.1e-07,8.16e-06,"yes","down",0.655508468015602,0.451397764395488,"tissue_specific","Leaf_Shoot","shoot_apex_transition"
"AT2G29550",2405.789165,-0.437979768,0.097994332,-4.469439814,7.84e-06,0.000100201,"yes","down",0.663161480547618,0.415900291856051,"tissue_specific","Leaf_Shoot","shoot_apex_transition"
"AT2G29890",306.4115029,-0.156475738,0.061343649,-2.550805847,0.010747418,0.038833366,"yes","down",0.740794611349238,0.610984085775881,"tissue_specific","Leaf_Shoot","shoot_apex_transition"
"AT2G33620",273.0579952,-0.302454539,0.092951964,-3.253880017,0.001138404,0.006374155,"yes","down",0.631179821092959,0.559772252297977,"tissue_specific","Leaf_Shoot","shoot_apex_transition"
"AT2G37080",981.5221817,-0.323682822,0.065963615,-4.906990312,9.25e-07,1.63e-05,"yes","down",0.702633193308161,0.642101175951619,"tissue_specific","Leaf_Shoot","shoot_apex_transition"
"AT2G38160",60.7504458,-0.688300831,0.210507939,-3.269714356,0.001076561,0.006091642,"yes","down",0.822422230424258,0.696699810245257,"tissue_specific","Leaf_Shoot","shoot_apex_transition"
"AT2G38620",98.76902344,-0.327152133,0.131695191,-2.484161582,0.012985687,0.045142546,"yes","down",0.727431018908643,0.544185708124918,"tissue_specific","Leaf_Shoot","shoot_apex_transition"
"AT2G38810",178.237542,-0.16102784,0.057081802,-2.821001355,0.0047874,0.02040732,"yes","down",0.772575981995521,0.605565571322804,"tissue_specific","Leaf_Shoot","shoot_apex_transition"
"AT2G39560",65.8360975,-0.343670138,0.092506342,-3.715098143,0.000203125,0.001522984,"yes","down",0.654334880690772,0.343348981225519,"tissue_specific","Leaf_Shoot","shoot_apex_transition"
"AT2G40660",693.916538,-0.099623758,0.035391871,-2.814876852,0.004879593,0.020684639,"yes","down",0.62238816197672,0.332737390403173,"tissue_specific","Leaf_Shoot","shoot_apex_transition"
"AT2G42740",346.3275424,-0.191176879,0.056556711,-3.38026869,0.00072415,0.004373658,"yes","down",0.695147451015933,0.401543962422466,"tissue_specific","Leaf_Shoot","shoot_apex_transition"
"AT2G45340",473.8921955,-0.25173906,0.069662784,-3.613680736,0.000301881,0.002112269,"yes","down",0.704409226058432,0.45563355670486,"tissue_specific","Leaf_Shoot","shoot_apex_transition"
"AT2G46980",194.2587349,0.630512021,0.120186005,5.246135095,1.55e-07,3.58e-06,"yes","up",0.756321126302652,0.505818409323438,"tissue_specific","Leaf_Shoot","shoot_apex_transition"
"AT2G47680",463.3711425,2.186391831,0.216762313,10.08658655,6.33e-24,4.98e-21,"yes","up",0.753737334180371,0.354209760742178,"tissue_specific","Leaf_Shoot","shoot_apex_transition"
"AT3G06740",172.9827083,-0.421371933,0.100059404,-4.211217703,2.54e-05,0.000271665,"yes","down",0.725010111257472,0.456576091955705,"tissue_specific","Leaf_Shoot","shoot_apex_transition"
"AT3G09070",307.1041778,-0.189333145,0.062774285,-3.016094008,0.002560539,0.012243322,"yes","down",0.752449947705312,0.529885424150648,"tissue_specific","Leaf_Shoot","shoot_apex_transition"
"AT3G11500",273.5933707,-0.08824944,0.035313023,-2.499062155,0.012452247,0.043681074,"yes","down",0.620594285322677,0.370424100601848,"tissue_specific","Leaf_Shoot","shoot_apex_transition"
"AT3G11520",130.149319,-0.860683461,0.224318278,-3.836885118,0.000124605,0.001019898,"yes","down",0.68866232926822,0.446629654765932,"tissue_specific","Leaf_Shoot","shoot_apex_transition"
"AT3G12870",131.0490206,-1.261198921,0.263553038,-4.785370453,1.71e-06,2.74e-05,"yes","down",0.731318303747039,0.433864496545947,"tissue_specific","Leaf_Shoot","shoot_apex_transition"
"AT3G13674",64.89277494,-0.321515137,0.07676666,-4.18821317,2.81e-05,0.000295092,"yes","down",0.718516318246142,0.395195322781685,"tissue_specific","Leaf_Shoot","shoot_apex_transition"
"AT3G15680",341.5571574,-0.654983335,0.119609752,-5.476002771,4.35e-08,1.19e-06,"yes","down",0.681557314858259,0.499637136677527,"tissue_specific","Leaf_Shoot","shoot_apex_transition"
"AT3G17350",110.4738175,-0.296254281,0.085604876,-3.460717386,0.000538738,0.003418086,"yes","down",0.625476109211911,0.402665935582673,"tissue_specific","Leaf_Shoot","shoot_apex_transition"
"AT3G17360",275.4662161,-0.38264361,0.147738232,-2.590010766,0.009597293,0.035449485,"yes","down",0.70516540281237,0.434957871358658,"tissue_specific","Leaf_Shoot","shoot_apex_transition"
"AT3G18630",55.20002435,0.430778323,0.133093481,3.236659826,0.001209375,0.006701597,"yes","up",0.763299731965766,0.408729406970237,"tissue_specific","Leaf_Shoot","shoot_apex_transition"
"AT3G20260",295.6305165,-0.276391608,0.079943465,-3.457338347,0.000545539,0.003451423,"yes","down",0.698367079823308,0.439947831384745,"tissue_specific","Leaf_Shoot","shoot_apex_transition"
"AT3G22790",721.2038735,-0.141410468,0.054315985,-2.603477926,0.009228321,0.034382679,"yes","down",0.766132873658398,0.630746239474694,"tissue_specific","Leaf_Shoot","shoot_apex_transition"
"AT3G23670",330.9178742,-0.814625044,0.222121876,-3.667468774,0.000244963,0.001778418,"yes","down",0.755145951430624,0.602467306024888,"tissue_specific","Leaf_Shoot","shoot_apex_transition"
"AT3G23740",111.2671734,-0.318430034,0.098832541,-3.221914869,0.00127337,0.007006233,"yes","down",0.730725117743843,0.526746636586135,"tissue_specific","Leaf_Shoot","shoot_apex_transition"
"AT3G23830",541.5236418,-0.296126742,0.072782792,-4.06863675,4.73e-05,0.000456488,"yes","down",0.708487527753081,0.516784368990703,"tissue_specific","Leaf_Shoot","shoot_apex_transition"
"AT3G24495",205.4987977,-0.241504903,0.086439167,-2.793929081,0.00520719,0.021756307,"yes","down",0.691900866488673,0.521035638093469,"tissue_specific","Leaf_Shoot","shoot_apex_transition"
"AT3G25100",111.6401822,-0.368493429,0.081341746,-4.53018835,5.89e-06,7.89e-05,"yes","down",0.712337467275476,0.511805800732388,"tissue_specific","Leaf_Shoot","shoot_apex_transition"
"AT3G25440",83.36151687,-0.166879903,0.053260516,-3.133276134,0.001728667,0.008910972,"yes","down",0.638224993956635,0.406550312269568,"tissue_specific","Leaf_Shoot","shoot_apex_transition"
"AT3G25980",248.9725027,-0.517236308,0.18232616,-2.836873819,0.004555761,0.019586533,"yes","down",0.732241838681245,0.45305863484981,"tissue_specific","Leaf_Shoot","shoot_apex_transition"
"AT3G27360",446.2185773,-0.650486678,0.115371865,-5.638174264,1.72e-08,5.37e-07,"yes","down",0.732493877143436,0.564869993413784,"tissue_specific","Leaf_Shoot","shoot_apex_transition"
"AT3G45930",377.2112145,-0.546177649,0.086268245,-6.331155184,2.43e-10,1.27e-08,"yes","down",0.717457610636825,0.485134330463872,"tissue_specific","Leaf_Shoot","shoot_apex_transition"
"AT3G46030",1534.23255,-0.435585716,0.054570143,-7.982125228,1.44e-15,2.46e-13,"yes","down",0.606461589885288,0.220757109484622,"tissue_specific","Leaf_Shoot","shoot_apex_transition"
"AT3G48490",26.56693459,-0.788228202,0.156946775,-5.022264407,5.11e-07,9.88e-06,"yes","down",0.676693027270728,0.572086645510985,"tissue_specific","Leaf_Shoot","shoot_apex_transition"
"AT3G50410",65.5227034,-0.273122715,0.095893269,-2.848194864,0.004396799,0.019038529,"yes","down",0.658230410518716,0.447581401572283,"tissue_specific","Leaf_Shoot","shoot_apex_transition"
"AT3G53380",259.9059174,-0.773003347,0.104443267,-7.401179313,1.35e-13,1.51e-11,"yes","down",0.640504234018646,0.459828771902266,"tissue_specific","Leaf_Shoot","shoot_apex_transition"
"AT3G53650",130.405532,-0.437669951,0.102475328,-4.270978755,1.95e-05,0.000216095,"yes","down",0.732588160923031,0.58231613514068,"tissue_specific","Leaf_Shoot","shoot_apex_transition"
"AT3G54720",245.3257308,-0.278363317,0.086288885,-3.225946377,0.001255569,0.006921778,"yes","down",0.709695685329894,0.424597830244266,"tissue_specific","Leaf_Shoot","shoot_apex_transition"
"AT3G55170",434.4297308,-0.110653487,0.033921845,-3.262012594,0.001106242,0.006221726,"yes","down",0.619979773577068,0.449212167985334,"tissue_specific","Leaf_Shoot","shoot_apex_transition"
"AT3G55605",154.719544,-0.193908027,0.053269704,-3.640118387,0.000272513,0.001937269,"yes","down",0.649464065062466,0.415924516294003,"tissue_specific","Leaf_Shoot","shoot_apex_transition"
"AT3G57830",181.7844055,-0.521929209,0.09884481,-5.280289487,1.29e-07,3.05e-06,"yes","down",0.735238821580805,0.688428273172359,"tissue_specific","Leaf_Shoot","shoot_apex_transition"
"AT3G58100",93.92927211,-0.559886311,0.080312594,-6.971338921,3.14e-12,2.65e-10,"yes","down",0.637751219767438,0.386627208276433,"tissue_specific","Leaf_Shoot","shoot_apex_transition"
"AT3G59650",212.9700885,-0.181035544,0.053609399,-3.37693662,0.000732979,0.004412289,"yes","down",0.628230610740995,0.327590578745983,"tissue_specific","Leaf_Shoot","shoot_apex_transition"
"AT3G60360",282.6974615,-0.159308856,0.053996984,-2.950328789,0.003174359,0.014629359,"yes","down",0.601260373896043,0.309639326579502,"tissue_specific","Leaf_Shoot","shoot_apex_transition"
"AT3G60660",56.87072969,0.347559689,0.092848374,3.743304003,0.000181616,0.001389562,"yes","up",0.648025487221835,0.323933343452679,"tissue_specific","Leaf_Shoot","shoot_apex_transition"
"AT3G61490",135.196657,-0.502099612,0.100524262,-4.994810206,5.89e-07,1.12e-05,"yes","down",0.654408988227022,0.697634316055209,"tissue_specific","Leaf_Shoot","shoot_apex_transition"
"AT3G61610",159.8970915,-0.252926448,0.070631423,-3.58093378,0.000342368,0.002344075,"yes","down",0.725772708005244,0.462652257821647,"tissue_specific","Leaf_Shoot","shoot_apex_transition"
"AT3G63300",180.7833961,-0.259600851,0.084127906,-3.085787623,0.002030138,0.010180054,"yes","down",0.759895440061063,0.617600208958895,"tissue_specific","Leaf_Shoot","shoot_apex_transition"
"AT4G00020",211.8405139,-0.254915587,0.085152727,-2.993628004,0.002756818,0.013039021,"yes","down",0.631918178576744,0.428041197496063,"tissue_specific","Leaf_Shoot","shoot_apex_transition"
"AT4G02390",979.685662,3.271823155,0.329403846,9.932559066,3e-23,2.15e-20,"yes","up",0.606395484719089,0.370744058804383,"tissue_specific","Leaf_Shoot","shoot_apex_transition"
"AT4G02800",244.6533551,-1.081463211,0.260488644,-4.151671243,3.3e-05,0.000337252,"yes","down",0.764492129929926,0.56740009871475,"tissue_specific","Leaf_Shoot","shoot_apex_transition"
"AT4G04630",23.74475796,-0.518624344,0.187879639,-2.760407396,0.005772932,0.023576807,"yes","down",0.72092464453608,0.488243386713704,"tissue_specific","Leaf_Shoot","shoot_apex_transition"
"AT4G05190",343.226506,-0.718148767,0.222742589,-3.224119689,0.001263606,0.006961201,"yes","down",0.679331915149327,0.451789409004881,"tissue_specific","Leaf_Shoot","shoot_apex_transition"
"AT4G05520",277.3860883,-0.414815374,0.13308734,-3.116865776,0.001827848,0.009332435,"yes","down",0.763167420555163,0.45690216372929,"tissue_specific","Leaf_Shoot","shoot_apex_transition"
"AT4G12740",42.00625181,-0.219021937,0.087570926,-2.501080504,0.012381503,0.04345878,"yes","down",0.644854386045724,0.28188654158383,"tissue_specific","Leaf_Shoot","shoot_apex_transition"
"AT4G14200",232.4666536,-0.189258451,0.065603034,-2.884903939,0.003915331,0.017316342,"yes","down",0.667518116322786,0.676857292959999,"tissue_specific","Leaf_Shoot","shoot_apex_transition"
"AT4G14970",150.3977425,0.617729703,0.107377855,5.752859409,8.77e-09,2.98e-07,"yes","up",0.741391331418168,0.675979764064551,"tissue_specific","Leaf_Shoot","shoot_apex_transition"
"AT4G17000",140.0809764,-0.981142043,0.22805648,-4.302188836,1.69e-05,0.000192647,"yes","down",0.708043766448664,0.486497738320512,"tissue_specific","Leaf_Shoot","shoot_apex_transition"
"AT4G22010",1078.113382,-0.285676807,0.072766897,-3.925917113,8.64e-05,0.000752107,"yes","down",0.626590786259882,0.416809148679927,"tissue_specific","Leaf_Shoot","shoot_apex_transition"
"AT4G22970",200.142779,0.256121837,0.071741409,3.570069789,0.000356886,0.002423064,"yes","up",0.603190920660189,0.408490906349605,"tissue_specific","Leaf_Shoot","shoot_apex_transition"
"AT4G23750",350.9990178,-0.361075443,0.124948648,-2.889790725,0.003854984,0.017116883,"yes","down",0.72266374933126,0.403968206037005,"tissue_specific","Leaf_Shoot","shoot_apex_transition"
"AT4G23800",1323.461553,-0.686044998,0.216293761,-3.171820564,0.001514866,0.008055477,"yes","down",0.767840459022813,0.659953771235556,"tissue_specific","Leaf_Shoot","shoot_apex_transition"
"AT4G27240",128.7087952,-0.2143838,0.058607501,-3.657958385,0.000254232,0.001834972,"yes","down",0.745751082619589,0.655967101645468,"tissue_specific","Leaf_Shoot","shoot_apex_transition"
"AT4G28100",294.4627401,-0.249675498,0.074638642,-3.345123792,0.000822459,0.004854235,"yes","down",0.63591448698006,0.290213770416235,"tissue_specific","Leaf_Shoot","shoot_apex_transition"
"AT4G28230",122.1135872,-0.883919757,0.18860262,-4.686678031,2.78e-06,4.14e-05,"yes","down",0.694475458816201,0.424897911250485,"tissue_specific","Leaf_Shoot","shoot_apex_transition"
"AT4G28310",158.2029628,-0.760951295,0.116049038,-6.55715298,5.48e-11,3.42e-09,"yes","down",0.78584471969914,0.61334246181331,"tissue_specific","Leaf_Shoot","shoot_apex_transition"
"AT4G29710",8.175759838,0.737290435,0.237711439,3.101619504,0.001924652,0.009738101,"yes","up",0.767011410431532,0.564778904892119,"tissue_specific","Leaf_Shoot","shoot_apex_transition"
"AT4G30090",25.87458698,0.401440154,0.110968587,3.617601745,0.000297345,0.002084867,"yes","up",0.79005983347733,0.63292172486924,"tissue_specific","Leaf_Shoot","shoot_apex_transition"
"AT4G30330",178.7883016,-0.190818328,0.048483808,-3.935712458,8.3e-05,0.00072745,"yes","down",0.643194468270009,0.388250422955208,"tissue_specific","Leaf_Shoot","shoot_apex_transition"
"AT4G30800",189.5367726,-0.261899716,0.070081048,-3.737097616,0.000186157,0.001414203,"yes","down",0.645129428378964,0.498377098797537,"tissue_specific","Leaf_Shoot","shoot_apex_transition"
"AT4G31615",12.6789027,-0.509385412,0.149461808,-3.408130934,0.000654095,0.004016587,"yes","down",0.793838427752854,0.363003304872329,"tissue_specific","Leaf_Shoot","shoot_apex_transition"
"AT4G35620",108.6530601,-0.903090701,0.229368474,-3.937292189,8.24e-05,0.000724238,"yes","down",0.71571189710932,0.423349319422475,"tissue_specific","Leaf_Shoot","shoot_apex_transition"
"AT4G37740",207.9300997,-0.222454036,0.069763378,-3.188693598,0.001429173,0.007682985,"yes","down",0.75062235942245,0.415276796382322,"tissue_specific","Leaf_Shoot","shoot_apex_transition"
"AT4G37750",393.110911,-0.282726576,0.101943448,-2.773366815,0.005547954,0.022872893,"yes","down",0.817363726075408,0.768333739454482,"tissue_specific","Leaf_Shoot","shoot_apex_transition"
"AT5G01910",67.50819977,-0.935620912,0.244755453,-3.822676476,0.000132011,0.001068645,"yes","down",0.729113759345819,0.453603884992909,"tissue_specific","Leaf_Shoot","shoot_apex_transition"
"AT5G03670",174.9821817,0.316021273,0.125864377,2.510807913,0.012045522,0.042532818,"yes","up",0.785074699540124,0.569482999851463,"tissue_specific","Leaf_Shoot","shoot_apex_transition"
"AT5G03790",22.27837217,-0.419214349,0.123949902,-3.382127326,0.000719268,0.004350861,"yes","down",0.794181663359538,0.742922785780164,"tissue_specific","Leaf_Shoot","shoot_apex_transition"
"AT5G03870",133.8456148,-0.957684558,0.208269014,-4.598305535,4.26e-06,5.97e-05,"yes","down",0.791264510182972,0.597407059967258,"tissue_specific","Leaf_Shoot","shoot_apex_transition"
"AT5G04320",285.3190186,-0.102393152,0.032310127,-3.169073026,0.00152926,0.008121027,"yes","down",0.625695496269255,0.246045606047573,"tissue_specific","Leaf_Shoot","shoot_apex_transition"
"AT5G07660",57.17687303,0.421402242,0.092691807,4.546272789,5.46e-06,7.4e-05,"yes","up",0.759512561665858,0.771064491468223,"tissue_specific","Leaf_Shoot","shoot_apex_transition"
"AT5G07760",4.136537716,0.9143657,0.236705605,3.862881486,0.000112057,0.000935717,"yes","up",0.703097833612386,0.282149634375922,"tissue_specific","Leaf_Shoot","shoot_apex_transition"
"AT5G08000",288.3416935,0.262062509,0.102549794,2.555465963,0.010604573,0.038411433,"yes","up",0.75599366700313,0.810649691267318,"tissue_specific","Leaf_Shoot","shoot_apex_transition"
"AT5G08180",1113.509867,-0.213538746,0.072174477,-2.958646236,0.003089936,0.01431304,"yes","down",0.658547546555016,0.291670436445173,"tissue_specific","Leaf_Shoot","shoot_apex_transition"
"AT5G11160",112.3779866,-0.433550281,0.080850242,-5.362386963,8.21e-08,2.06e-06,"yes","down",0.751457328929489,0.597317188614673,"tissue_specific","Leaf_Shoot","shoot_apex_transition"
"AT5G11170",2192.064386,-0.10098686,0.028749305,-3.512671368,0.000443626,0.002917041,"yes","down",0.605640610157031,0.232937571396678,"tissue_specific","Leaf_Shoot","shoot_apex_transition"
"AT5G11550",321.8607462,-0.257756974,0.08335447,-3.092299364,0.001986124,0.009979783,"yes","down",0.691802590075249,0.685963674514779,"tissue_specific","Leaf_Shoot","shoot_apex_transition"
"AT5G15510",143.2554386,-0.959001809,0.246496378,-3.890531028,0.000100025,0.00085061,"yes","down",0.726273204424794,0.547892580781142,"tissue_specific","Leaf_Shoot","shoot_apex_transition"
"AT5G15610",868.1851766,-0.061559479,0.024270809,-2.536358711,0.011201193,0.040135068,"yes","down",0.620182962476442,0.269126331083068,"tissue_specific","Leaf_Shoot","shoot_apex_transition"
"AT5G16250",665.8665671,-1.040764634,0.254325947,-4.092247162,4.27e-05,0.000417698,"yes","down",0.705050949423583,0.487737735059522,"tissue_specific","Leaf_Shoot","shoot_apex_transition"
"AT5G23420",401.3959055,-0.264107345,0.081425504,-3.243545723,0.001180519,0.006567941,"yes","down",0.803302521994423,0.589347638453686,"tissue_specific","Leaf_Shoot","shoot_apex_transition"
"AT5G25090",162.7062434,-1.232658271,0.310520224,-3.969655365,7.2e-05,0.000647663,"yes","down",0.776865972305027,0.598330849140719,"tissue_specific","Leaf_Shoot","shoot_apex_transition"
"AT5G25590",389.9686136,-0.331764614,0.054020429,-6.141465701,8.18e-10,3.64e-08,"yes","down",0.600896546943445,0.504964959061418,"tissue_specific","Leaf_Shoot","shoot_apex_transition"
"AT5G36710",82.19823312,-0.933544729,0.280861306,-3.323863809,0.000887795,0.005172516,"yes","down",0.710868194180624,0.459521823487865,"tissue_specific","Leaf_Shoot","shoot_apex_transition"
"AT5G40460",26.62678804,0.500066519,0.161169352,3.102739535,0.001917383,0.009703407,"yes","up",0.647941063509436,0.472470847172148,"tissue_specific","Leaf_Shoot","shoot_apex_transition"
"AT5G42700",37.59455146,-0.663779843,0.190453692,-3.485255838,0.000491667,0.0031771,"yes","down",0.606886142900694,0.385264936298805,"tissue_specific","Leaf_Shoot","shoot_apex_transition"
"AT5G43020",313.2340299,-0.213037071,0.06794306,-3.135523629,0.001715476,0.008852653,"yes","down",0.759099535717288,0.711190648526358,"tissue_specific","Leaf_Shoot","shoot_apex_transition"
"AT5G43070",174.7004241,-0.319057967,0.075842425,-4.206853434,2.59e-05,0.000276086,"yes","down",0.63114898036994,0.460770434060529,"tissue_specific","Leaf_Shoot","shoot_apex_transition"
"AT5G44740",84.35706082,0.272096763,0.067389533,4.037670999,5.4e-05,0.000509846,"yes","up",0.60809666695225,0.288564206306061,"tissue_specific","Leaf_Shoot","shoot_apex_transition"
"AT5G47160",13.50145473,-0.393323504,0.13744511,-2.861676965,0.004214062,0.01843007,"yes","down",0.737966265993529,0.691322769200004,"tissue_specific","Leaf_Shoot","shoot_apex_transition"
"AT5G48310",205.3683812,-0.947269879,0.236496197,-4.005433875,6.19e-05,0.000573688,"yes","down",0.710416117349548,0.54671710249809,"tissue_specific","Leaf_Shoot","shoot_apex_transition"
"AT5G48360",534.5901322,-0.303883762,0.093459853,-3.251489833,0.001148019,0.006417417,"yes","down",0.771785246534568,0.74038774631433,"tissue_specific","Leaf_Shoot","shoot_apex_transition"
"AT5G48820",66.37138304,-0.4277143,0.122369785,-3.495260683,0.000473599,0.003080615,"yes","down",0.757543132416489,0.548579709976417,"tissue_specific","Leaf_Shoot","shoot_apex_transition"
"AT5G49010",75.67571664,0.190982012,0.074962542,2.547699239,0.010843591,0.039108932,"yes","up",0.601894011854446,0.403910551818175,"tissue_specific","Leaf_Shoot","shoot_apex_transition"
"AT5G49110",205.6915888,1.904240451,0.234412861,8.12344698,4.53e-16,8.48e-14,"yes","up",0.651600970242165,0.23115654839618,"tissue_specific","Leaf_Shoot","shoot_apex_transition"
"AT5G49120",7.030044856,-0.466478373,0.173925186,-2.682063392,0.007316959,0.028570926,"yes","down",0.757335249371776,0.591662052178724,"tissue_specific","Leaf_Shoot","shoot_apex_transition"
"AT5G49560",90.95704999,-0.237786114,0.087790634,-2.70855901,0.006757609,0.02677103,"yes","down",0.69615424278137,0.454897240460797,"tissue_specific","Leaf_Shoot","shoot_apex_transition"
"AT5G50010",81.30152666,-0.486105235,0.080728239,-6.021501751,1.73e-09,7.12e-08,"yes","down",0.822704885157604,0.625189345410418,"tissue_specific","Leaf_Shoot","shoot_apex_transition"
"AT5G51600",299.2021098,-0.865285825,0.231172139,-3.7430368,0.00018181,0.00139059,"yes","down",0.711239421081406,0.561384274946671,"tissue_specific","Leaf_Shoot","shoot_apex_transition"
"AT5G53770",262.7351657,-0.144847804,0.044198936,-3.277178491,0.001048501,0.00596868,"yes","down",0.62724528289926,0.454671243021449,"tissue_specific","Leaf_Shoot","shoot_apex_transition"
"AT5G55520",237.0064715,-0.977475184,0.250340524,-3.904582326,9.44e-05,0.000810656,"yes","down",0.74996518151224,0.622381983938518,"tissue_specific","Leaf_Shoot","shoot_apex_transition"
"AT5G57410",172.5365395,-0.186810222,0.075544308,-2.472856367,0.0134038,0.046341601,"yes","down",0.681912042299814,0.471428715343995,"tissue_specific","Leaf_Shoot","shoot_apex_transition"
"AT5G59910",2726.910539,-0.286605341,0.041479624,-6.909545346,4.86e-12,3.95e-10,"yes","down",0.616437103204036,0.384587836726614,"tissue_specific","Leaf_Shoot","shoot_apex_transition"
"AT5G61000",311.0606289,-0.329198799,0.11092276,-2.967820119,0.002999198,0.013975112,"yes","down",0.709132226341358,0.440330359469268,"tissue_specific","Leaf_Shoot","shoot_apex_transition"
"AT5G61460",203.6304206,0.39261139,0.072508283,5.414710869,6.14e-08,1.61e-06,"yes","up",0.652097476840539,0.505815827057385,"tissue_specific","Leaf_Shoot","shoot_apex_transition"
"AT5G62550",272.1774689,-0.391767291,0.15865042,-2.469374435,0.013534951,0.046693897,"yes","down",0.705948580356458,0.397618428815493,"tissue_specific","Leaf_Shoot","shoot_apex_transition"
"AT5G64060",172.8226065,2.958167003,0.275468939,10.73865902,6.7e-27,8.31e-24,"yes","up",0.673921140503914,0.587398720453129,"tissue_specific","Leaf_Shoot","shoot_apex_transition"
"AT5G65410",395.1875636,-0.33958528,0.089405054,-3.798278332,0.000145705,0.001163515,"yes","down",0.842963036134401,0.534258397748308,"tissue_specific","Leaf_Shoot","shoot_apex_transition"
"AT5G65510",31.69725399,-0.426721982,0.140151386,-3.044721814,0.002328956,0.011361855,"yes","down",0.836391424558681,0.60513305355744,"tissue_specific","Leaf_Shoot","shoot_apex_transition"
"AT5G66560",169.2038682,-0.365718572,0.076221354,-4.798111722,1.6e-06,2.6e-05,"yes","down",0.615719818396673,0.477794452549307,"tissue_specific","Leaf_Shoot","shoot_apex_transition"
"AT5G67200",207.7894022,-0.382988411,0.093132198,-4.112309393,3.92e-05,0.000388965,"yes","down",0.651642459729562,0.569870614564634,"tissue_specific","Leaf_Shoot","shoot_apex_transition"
"AT5G67260",675.4295323,-0.204914029,0.046569682,-4.400159536,1.08e-05,0.000131847,"yes","down",0.728133631129292,0.621223041620822,"tissue_specific","Leaf_Shoot","shoot_apex_transition"
"AT5G67270",195.88032,-0.616561363,0.19640947,-3.139163107,0.001694311,0.008785745,"yes","down",0.676405656065021,0.472738412577702,"tissue_specific","Leaf_Shoot","shoot_apex_transition"
